,index,th,x,y
0,1,0.0,0.0,0.0
1,2,0.0014604249936479253,0.004297895180179788,0.0034845161437988283
2,3,0.0017425566041641624,0.008632256624165169,0.0020735787711977584
3,4,0.004013214536922793,0.013003070371679665,0.00028708929534503486
4,5,0.002797021152716982,0.017413122809769793,-0.025048317428861235
5,6,-0.007722950395694418,0.0218462232668607,0.03613108336417343
6,7,0.0023974809908005163,0.026330881870905872,0.0056916687369945795
7,8,-0.004409043361614302,0.030849365049758447,-0.004191756824874228
8,9,-0.00686247408134057,0.03539397397993616,0.008495014688823977
9,10,0.00018484899263512757,0.03998308549066885,0.00291032147323952
10,11,-0.003146168720897299,0.0446065259879763,0.0007342621276373341
11,12,-0.0007751523268791267,0.049277974816307586,-0.01292250408607211
12,13,-0.018185074532156998,0.05394544166275567,0.009707732979596507
13,14,0.002102403062736209,0.05867882187225794,0.0044923617153062355
14,15,0.0049532288384799205,0.06346495655619566,-0.009987374504404477
15,16,-0.011888562192244297,0.06819002749832766,0.029306955818490403
16,17,0.007953431351591694,0.07308834581439182,-0.0043934760099123655
17,18,-0.014398011185132864,0.07795435538732327,-0.003363146151953756
18,19,0.016864750637412624,0.08285419849190198,-0.002266010454302772
19,20,-0.00047820040310303123,0.0878081883761553,-0.007879620591339145
20,21,0.007329788716951183,0.09274124147029165,0.00408374897628134
21,22,-0.005620185569135017,0.09773991631110363,0.005378569564626112
22,23,0.0010214689579314288,0.10283038420789146,-0.007955942771927934
23,24,0.010674705579268988,0.10780697897614218,0.014717446440326257
24,25,-0.017203604310019948,0.11305592221300732,-0.016534104783397487
25,26,-0.020736206431945948,0.11809087993132164,0.005296879375286202
26,27,0.010178793696603133,0.12327465608114603,0.0030960527327582492
27,28,-0.0090979340773025,0.12849383385456148,0.0008481859115647629
28,29,-0.006132219838764391,0.1336160549624532,0.01952571971485799
29,30,0.009512486909273438,0.13910341071138427,-0.01343353950094833
30,31,-0.023763944294799774,0.14431688289606406,0.00037573120908862876
31,32,0.005315442785445196,0.14951104722936087,0.01943574511962813
32,33,0.0026452067110849277,0.1550809833209304,-0.006123487882569309
33,34,-0.006518661770223066,0.16048254925603736,-0.005383492688649161
34,35,-0.02465206097701155,0.16568962060270426,0.020431796086343667
35,36,-0.004455662868740055,0.17133042619954095,0.0014288554351465721
36,37,-0.015416971995047393,0.17683863429147506,0.0007598590484830195
37,38,-0.025701528779615297,0.1824674745065101,-0.00824889075573751
38,39,0.0022548042863851595,0.18786988185779746,0.006977316862051226
39,40,-0.0038067622522193617,0.19367850295099845,-0.011504629873814006
40,41,-0.02420996634367087,0.19916457111705665,0.0008825604328652054
41,42,-0.020426250728831617,0.2049017549690828,-0.005116445131174178
42,43,0.012652846429574892,0.21047047608018302,0.004501506513053273
43,44,-0.030342756885860377,0.2163145411968136,-0.004346783284127871
44,45,-0.00801905471575755,0.22164940355650942,0.025092534172358096
45,46,-0.025270848171099272,0.22814030869285448,-0.022927660231506487
46,47,-0.03347207269252922,0.2334807505065096,0.008617401866105538
47,48,-0.024145450869358445,0.23982529751515141,-0.022370631644511203
48,49,-0.006028716596213386,0.2451928898540543,0.008933011307587571
49,50,-0.0009811519753508378,0.25112661259647967,0.00724457129458706
50,51,-0.007385250297420664,0.2572991558390227,-0.005879674300033078
51,52,-0.017854196023632102,0.26310288846985513,0.0032550090823098695
52,53,-0.014524569443752758,0.2690075299924452,0.008119428209970187
53,54,-0.03722728095602597,0.27557168725552644,-0.018827875779826166
54,55,-0.02101620559028487,0.28118140280510034,0.0036134601652670307
55,56,-0.023711983990624276,0.28747775774538664,-0.006152837722692589
56,57,-0.0046794975808419105,0.29314205615438266,0.014744930015194519
57,58,-0.014436733377002818,0.2996047747723722,0.0005035670810998177
58,59,-0.019774156841848238,0.3056703924422903,0.0053310882948075095
59,60,-0.06299693108541302,0.3121090163526068,-0.004385866709777345
60,61,0.006442445770509089,0.3189268098081606,-0.027650600545562086
61,62,-0.02726595387762878,0.324399941066859,0.004178176461031879
62,63,-0.03401414291568909,0.3304779098206656,0.01232125550352858
63,64,-0.033432057916104006,0.33747826247517165,-0.013071542065714502
64,65,-0.003443897408514484,0.3431925140814422,0.010262613982760745
65,66,-0.039031695207194274,0.3503379540606643,-0.01684295555652654
66,67,-0.026116301669425135,0.35602685735253575,0.008190923364444424
67,68,-0.01835054006943468,0.3629824311459796,-0.009291252518780536
68,69,-0.026381364765997815,0.36873243697135977,0.01414413773428346
69,70,-0.02797264964573776,0.3760078976054113,-0.010989437898798741
70,71,-0.03433452098917657,0.3820494763346025,0.004062636424912763
71,72,-0.03596408787366828,0.3887678216923704,-0.0011765451903043745
72,73,-0.03482503725126082,0.39525864660549315,0.0013333545596651303
73,74,-0.08293421194854257,0.4031165978915243,-0.034790406913953506
74,75,-0.019210909968143845,0.4075464242537211,0.02778874408272924
75,76,-0.0103130886295702,0.4151171236744182,0.0020624489144517233
76,77,-0.05067970766909054,0.4223256963600397,-0.012082879203865027
77,78,-0.034550895771803945,0.4284251357691318,0.004205705433332508
78,79,-0.01757047364465609,0.4358420399963343,-0.013359889905260262
79,80,-0.04558170022032223,0.44197569663325914,0.0027340918763209283
80,81,-0.04218315143516296,0.4489814602432365,-0.0026565299967842623
81,82,-0.06291939814196741,0.4556632618971312,0.0006073540607660962
82,83,-0.027424854670141025,0.4627155905911488,-0.004391742378694623
83,84,-0.04245095391740919,0.4711006277188236,-0.03939086944430413
84,85,-0.06169720304737386,0.4752454636296171,0.02361882834398306
85,86,-0.050770208843185546,0.4834189101611188,-0.004721851371847478
86,87,-0.043622889914701465,0.4905598690825373,-0.008935858326216834
87,88,-0.05531996117745511,0.4972578197000105,-0.0029944568257700577
88,89,-0.05035555414682548,0.506255616834112,-0.04490216776945084
89,90,-0.021897937848109623,0.5101721420130427,0.019650843745025248
90,91,-0.076652739353237,0.5195318321874073,-0.027416392374647738
91,92,-0.0287113065925977,0.5256953032737217,-0.009027719783771199
92,93,-0.04390304036012556,0.5335685221644644,-0.024043015242963234
93,94,-0.047040505756087495,0.5388459885149979,0.011458633241042277
94,95,-0.055344910666885815,0.5477750499630768,-0.022261741463820595
95,96,-0.08838131571163496,0.5545020312653478,-0.01382687187392015
96,97,-0.07851758044957081,0.5644193269024986,-0.0629457016585563
97,98,-0.031794945767191954,0.5663183027388221,0.03254915027324948
98,99,-0.02190419447184147,0.5762050351262711,-0.014331332393004005
99,100,-0.08872543501077187,0.5830575338076429,-0.007124130825757514
100,101,-0.03996658220286661,0.5918484127514516,-0.032498193988533895
101,102,-0.06651747036624536,0.5986761935190417,-0.024049138854380498
102,103,-0.04802442647112217,0.6055784344405101,-0.01671712272881622
103,104,-0.052332466015457796,0.6119196318761723,-0.00024000058344480005
104,105,-0.05007525293362655,0.6201814832039699,-0.014305537645141114
105,106,-0.08374390423488484,0.6277821611376649,-0.017287853988631065
106,107,-0.07053623072465726,0.6359922190375207,-0.0291694120843265
107,108,-0.05091759909736511,0.641833076152905,-0.004624205651927418
108,109,-0.067358390237807,0.6501611757074648,-0.01743429131042873
109,110,-0.06809255106482917,0.6574768233129857,-0.014735082439377383
110,111,-0.08197548945852381,0.6660814527240702,-0.030364269873934948
111,112,-0.10025482594003335,0.6734484652532904,-0.027669950710377422
112,113,-0.05939948650808014,0.6808273251354365,-0.024923089040773446
113,114,-0.0761527954095891,0.6869906111611189,-0.0052344639713709125
114,115,-0.04148245954797612,0.6951896300610853,-0.01344765774129948
115,116,-0.07050715505591992,0.7036061293825148,-0.024053654945203333
116,117,-0.07797959908789205,0.7121297256004886,-0.035495375522717504
117,118,-0.0809377123899898,0.7168762282116119,0.002709466464533041
118,119,-0.06530648631455853,0.7281333153134029,-0.043267025084240227
119,120,-0.07648586103684726,0.7331948394717046,-0.009484785717537237
120,121,-0.07502486989938308,0.7416693685011004,-0.018882578574285408
121,122,-0.06714642643779233,0.7497119063591233,-0.022475957907779048
122,123,-0.11723945113928508,0.7608162235168379,-0.06281706986270919
123,124,-0.06556108896864793,0.763633641399843,-0.002826564125789459
124,125,-0.07447416182261704,0.7729119277378427,-0.020372507540915095
125,126,-0.09140042499783735,0.7812669491079255,-0.026493375132331232
126,127,-0.07419139368647831,0.7890397142658032,-0.025553904424204674
127,128,-0.09687698012366788,0.7978629148540543,-0.03632459746516072
128,129,-0.07683165424930734,0.8041239053935345,-0.017965557127586285
129,130,-0.09140863161498688,0.8127258429658565,-0.025708664592866064
130,131,-0.0990539041273143,0.8223580293285846,-0.04427886692382763
131,132,-0.14316838585417946,0.831763214799947,-0.05974227173063637
132,133,-0.057572444091973776,0.8343032695051026,-0.001724391221385159
133,134,-0.07141559680416584,0.8459813585750436,-0.040794564743817104
134,135,-0.10329773250917033,0.853698503441333,-0.0376962699446826
135,136,-0.09896655878695393,0.8628211576499207,-0.04887249564933592
136,137,-0.09356562092707618,0.8684500734902445,-0.024306617707481867
137,138,-0.08380369576480681,0.8770651752228552,-0.02996955837389195
138,139,-0.09876763798834476,0.885845199261264,-0.03695735269955736
139,140,-0.11436919462607953,0.89595132610755,-0.0565336759716996
140,141,-0.090847681830703,0.9001977601379729,-0.019089466861154005
141,142,-0.09376435225579148,0.910067363558266,-0.035856266949300664
142,143,-0.10866416665069836,0.9187723502269657,-0.041133833584800335
143,144,-0.10355704114965339,0.9262077179058367,-0.03434815972137955
144,145,-0.11478008502293599,0.9351176494235054,-0.04111492980184145
145,146,-0.12338806649431833,0.9441387223724628,-0.048594899350596174
146,147,-0.10154190878765536,0.9499183764397837,-0.026686572249042553
147,148,-0.10571081289648869,0.959523043267154,-0.0390689069370616
148,149,-0.14159214655195895,0.9688069161196606,-0.04822906108224766
149,150,-0.10961291261600735,0.9764564771096308,-0.04288608270805142
150,151,-0.10535139341713352,0.9865118402867938,-0.058165640321647005
151,152,-0.11856706889585379,0.9897662764999057,-0.015321260467372609
152,153,-0.11487976895852886,1.0042026673257651,-0.06706850827433239
153,154,-0.12765288417488851,1.0102627757414477,-0.04809944622385967
154,155,-0.11260921990665208,1.0209702630858994,-0.06755417848832093
155,156,-0.16739543416905503,1.0262890935348459,-0.0427524686960032
156,157,-0.10671298577977406,1.0353079291714526,-0.048077747932830185
157,158,-0.11271621535368813,1.0427409155397698,-0.04059212439561277
158,159,-0.1143600511395262,1.053269265743624,-0.05748485773886186
159,160,-0.12628119818855002,1.0627681738212609,-0.06592002747844569
160,161,-0.12733698965477636,1.0699728724549786,-0.056434631092588866
161,162,-0.12710144690219943,1.0777309059193068,-0.051265629545962046
162,163,-0.13671451607564825,1.0869366063648918,-0.05701815418424634
163,164,-0.1287100363041848,1.0956515830214695,-0.0589056709817474
164,165,-0.13304447295051874,1.1040373359482534,-0.058239657683081376
165,166,-0.1605707796916822,1.1165909426308842,-0.08794090039410468
166,167,-0.1381332882426554,1.1222416020335686,-0.06705916008951021
167,168,-0.16191106617573955,1.1291900706928648,-0.0558061869998738
168,169,-0.10845488406430528,1.138282132683655,-0.05988718546558794
169,170,-0.13679961384353015,1.1477506773227775,-0.06645300451026559
170,171,-0.1678331224733664,1.1630976467884266,-0.11362991470241982
171,172,-0.16671613988416406,1.1627663937647803,-0.052028220649281726
172,173,-0.09853392153953588,1.1723510490027675,-0.059062648959350414
173,174,-0.15052114286983323,1.1841116731883798,-0.08056029523609898
174,175,-0.13719895483916206,1.1918121591230544,-0.07447818846824356
175,176,-0.16390196546914074,1.2064871351084339,-0.11454970334817874
176,177,-0.13147087342110378,1.203363988741261,-0.03728848402000213
177,178,-0.1325006243668885,1.21837518660695,-0.07901313160677759
178,179,-0.1644125277941073,1.2268244160599981,-0.07775348944427674
179,180,-0.15524086491856567,1.2357616357342314,-0.0795679506103951
180,181,-0.18136838728283097,1.2533862896734036,-0.13602446043660069
181,182,-0.17290258635369388,1.247169327951856,-0.04258891232417256
182,183,-0.12937287799502487,1.261779901427324,-0.0796071463974153
183,184,-0.15155278971498307,1.271686369529343,-0.0870819842980161
184,185,-0.16916855177727613,1.2821273327803215,-0.09761721645225596
185,186,-0.17135920344106226,1.2924067412408258,-0.10694435372560743
186,187,-0.16434139481544088,1.2950330993892616,-0.07047786218580183
187,188,-0.1470688613161183,1.3072848460399602,-0.09144315857880568
188,189,-0.16208519056639867,1.3192866703472927,-0.1105286583695897
189,190,-0.18383290234468835,1.3230298686852766,-0.08137756298254427
190,191,-0.16532410218494398,1.3350666212995927,-0.10034209005961355
191,192,-0.17842981402360739,1.3442172206667038,-0.10251032656562237
192,193,-0.1798417572769128,1.3525914161876689,-0.10023070528832621
193,194,-0.17529801184388033,1.3609987516144997,-0.09814812166371036
194,195,-0.22839570571702428,1.3753626330362774,-0.12907254937152943
195,196,-0.14176753870849257,1.3764204084810001,-0.08636545145427552
196,197,-0.19655271514753625,1.3888551477835718,-0.10630241045555468
197,198,-0.1443557170138795,1.3985306286870955,-0.11098299149014046
198,199,-0.1816350832283183,1.4088781378783393,-0.11915459352358905
199,200,-0.1929061837410704,1.41588678865913,-0.10946530912559471
200,201,-0.1890647996640636,1.4279792977029941,-0.12664160638400118
201,202,-0.198739292348333,1.4300168787286585,-0.0911216016224004
202,203,-0.1818922164259256,1.4452034788003074,-0.12411084532150084
203,204,-0.19053329778019157,1.452905083997879,-0.11819378569184852
204,205,-0.20482836950586694,1.461318683682941,-0.1159800158609665
205,206,-0.1825950158255544,1.4705113641202592,-0.11771497220214575
206,207,-0.1926935514204008,1.4823090783848814,-0.13241421830470065
207,208,-0.209233841178299,1.488694032385302,-0.12006803071515147
208,209,-0.20003607938117055,1.4977629676232944,-0.1210946355725981
209,210,-0.19513542772402487,1.5076570072953974,-0.1261145413331948
210,211,-0.20843738194953546,1.519434665734276,-0.14013782902865168
211,212,-0.19407590008956443,1.5228117284877993,-0.11371880128382938
212,213,-0.22532202797851278,1.5338487834705883,-0.12409397689663677
213,214,-0.20878302610095406,1.5481144316564204,-0.14949733901768747
214,215,-0.21961132309955725,1.5539412857711754,-0.1350855787309899
215,216,-0.21267348986842746,1.5642260446231975,-0.14155450209550358
216,217,-0.24040298807443308,1.5764417536187192,-0.1567903356801955
217,218,-0.17335910826753836,1.5807539402484558,-0.13577814214127168
218,219,-0.22452515227887213,1.594169821067265,-0.1562486325232952
219,220,-0.22151363861499146,1.598889888264367,-0.13741945154339147
220,221,-0.21229954102230472,1.6122403101247313,-0.15727356318136224
221,222,-0.21042165074714417,1.619599190887278,-0.15039319657822348
222,223,-0.22885344694991763,1.6326465367950305,-0.1685223710150993
223,224,-0.2426566035881133,1.6398739640423041,-0.16111325094503479
224,225,-0.21778040188072745,1.6484674990845574,-0.15971680444162673
225,226,-0.20304150269982466,1.6562820334290478,-0.1550284726182193
226,227,-0.23379216812810757,1.6682256282169963,-0.1679298699864251
227,228,-0.22697739348331508,1.6800487655770129,-0.18013859504112875
228,229,-0.23750266008425425,1.6855416000525032,-0.16576227477096556
229,230,-0.2497781299028483,1.6957291820881235,-0.1710627849761549
230,231,-0.23541458055048478,1.7055496102870629,-0.17479242485393404
231,232,-0.23648979356136784,1.7123393139409533,-0.16613303728034814
232,233,-0.23940219451237751,1.7272397663982362,-0.19042907996542363
233,234,-0.25212060541173603,1.7303008273991811,-0.16686418709302772
234,235,-0.2463283871935364,1.7442511708680992,-0.187045683926388
235,236,-0.2698441807095066,1.7571229638244938,-0.20268123356818035
236,237,-0.23036718690501182,1.7570282936316388,-0.16725866142353726
237,238,-0.2469248357585968,1.7716685512482893,-0.1897411745402466
238,239,-0.2546711552531901,1.7812965067769346,-0.19255401607827427
239,240,-0.2540681806886491,1.789552519771311,-0.19009496805344359
240,241,-0.2550969261642029,1.8023888397906018,-0.20512449301190194
241,242,-0.27724482208368123,1.8153435515906209,-0.22040540743212703
242,243,-0.24727534835892326,1.8121688927085493,-0.17505785443718577
243,244,-0.24713165885448132,1.8271524559552572,-0.19794356689627077
244,245,-0.2819757558979782,1.8514324572547871,-0.2548328238046846
245,246,-0.35590761273004135,1.8412430798785122,-0.18463878753195886
246,247,-0.2261638720651339,1.8605465112436657,-0.22275881088492588
247,248,-0.26391193948054587,1.8669162836223467,-0.21367223278936423
248,249,-0.2666237256033667,1.8718692355915603,-0.19968121475438108
249,250,-0.2683302372687909,1.8877442371433677,-0.22477381948824823
250,251,-0.2755268953436781,1.8989885308771348,-0.2331913368260106
251,252,-0.2867211705817999,1.9059159846800542,-0.22639902164707906
252,253,-0.27688959094209903,1.9145519486502873,-0.2256894265077785
253,254,-0.29558800991807166,1.9255182942842666,-0.23307872437610055
254,255,-0.30757267046031617,1.95132391373965,-0.29127030404822557
255,256,-0.24769410610478015,1.9344006721389466,-0.2032547331975527
256,257,-0.27259543552184257,1.958656034336255,-0.2556717195705039
257,258,-0.2814255877912093,1.9560050508830007,-0.21713554654012335
258,259,-0.2848042692590675,1.976544034988731,-0.25641750331105667
259,260,-0.301860579368067,1.980306394157137,-0.23972176561063008
260,261,-0.29297123676426834,1.9952811935315284,-0.26011341550658207
261,262,-0.3037462755660384,2.0028452775066157,-0.2561133018885908
262,263,-0.2900827892429109,2.0082396874437873,-0.24519969229957272
263,264,-0.31179918922931005,2.0228653753420844,-0.2641455063766617
264,265,-0.29756705708805414,2.0313526211599706,-0.26329495176687806
265,266,-0.30356905944868207,2.0393281888117523,-0.2608877193355389
266,267,-0.30632411800081644,2.0563014716399506,-0.2868601682413253
267,268,-0.3012094483833191,2.055541600173501,-0.2571518660505499
268,269,-0.3141534482674295,2.0663621411847073,-0.2638181396644103
269,270,-0.30616793917425644,2.0772663872282817,-0.2707038863089929
270,271,-0.3226049247270482,2.0886869676543345,-0.27912757262923715
271,272,-0.3125378710268375,2.102238941447765,-0.2939599551257911
272,273,-0.31435876225665144,2.1009961339595615,-0.2640468916137811
273,274,-0.32135226116717136,2.126160345142439,-0.313651941526522
274,275,-0.33375587101004456,2.1204757369988134,-0.27093005168306655
275,276,-0.31214830570121,2.1355321438983212,-0.2900837014681978
276,277,-0.3353211262941911,2.1525434278209357,-0.31476351358485766
277,278,-0.3448749101880333,2.153376683849907,-0.29206775957090597
278,279,-0.3193565226573021,2.1662653950368633,-0.30459887575921474
279,280,-0.3203382366173781,2.174660679273877,-0.30411937547760765
280,281,-0.34153961531901267,2.1908872825248964,-0.3260396039928541
281,282,-0.33525500674003256,2.194345713262818,-0.31156675203608086
282,283,-0.35575568220480613,2.205290072293113,-0.31840974871470284
283,284,-0.3449315542906643,2.217676186899233,-0.32925190199538473
284,285,-0.3503440278938968,2.2239931568540627,-0.32317608769152095
285,286,-0.4242787025224648,2.2596410637272855,-0.3980618115931371
286,287,-0.2935946163227043,2.225400367813225,-0.28075068518380164
287,288,-0.31896530251756605,2.2565843200386047,-0.34291378722242544
288,289,-0.3392203839247056,2.2683651806737175,-0.35192764254409764
289,290,-0.34616743092512214,2.2700459095792787,-0.3338088309328712
290,291,-0.3651132935924767,2.2892604350045738,-0.3626986960777784
291,292,-0.3896374514508927,2.3024270054606184,-0.37527296418041195
292,293,-0.45998156272565693,2.3141736608377927,-0.38401875807451163
293,294,-0.28983339017615173,2.299857452456121,-0.32470365725200756
294,295,-0.34887539339810575,2.331962240502944,-0.3865867746623292
295,296,-0.3694465470639303,2.329654179043745,-0.3591103544808488
296,297,-0.36999487862803077,2.3399194822202083,-0.3642323961594539
297,298,-0.379569263948748,2.3648151720880386,-0.4065297263154696
298,299,-0.39641973596267105,2.367231139525937,-0.39161071392295277
299,300,-0.39820999279452185,2.3755609387660295,-0.39179028376979497
300,301,-0.3601910360098918,2.3800498260671836,-0.3824801476719977
301,302,-0.3965216246013687,2.3941259369104495,-0.3970855966153676
302,303,-0.3539563164974612,2.4015919322485515,-0.3953341389807346
303,304,-0.385012940010046,2.4162381209603416,-0.4112108408399007
304,305,-0.4000264181680811,2.4225931210521083,-0.40685351818079
305,306,-0.39204611000726136,2.4230746139093102,-0.38848610210739565
306,307,-0.3888353274863967,2.4439109937721075,-0.41914820522754603
307,308,-0.4117598835531343,2.448896568118817,-0.4118100505566256
308,309,-0.40106818628588636,2.4621991737112743,-0.4242910319886926
309,310,-0.3999100068533563,2.476970665956752,-0.4401372985026647
310,311,-0.43873204419537926,2.4782670617270255,-0.4244544478900219
311,312,-0.37318389550512815,2.491023338343493,-0.4355941367136287
312,313,-0.41301191712817825,2.4963242522546043,-0.42952456820302887
313,314,-0.4171770189409439,2.5176726538700605,-0.46029073706229856
314,315,-0.4328278310720385,2.5240397330746203,-0.4567307281858484
315,316,-0.40415877773879244,2.52060563490839,-0.4311973518242858
316,317,-0.40460520316904863,2.5399028407683644,-0.45701891686119284
317,318,-0.408768144725824,2.548492185936505,-0.4587557349456913
318,319,-0.4209687030890459,2.5585975672619377,-0.46391171027691486
319,320,-0.44682989143550267,2.5776875687176646,-0.4888327822966859
320,321,-0.4273087981871566,2.5688432317849745,-0.45253623464584675
321,322,-0.4398525876635328,2.5846784495202675,-0.47032962116907645
322,323,-0.43511290218902055,2.596636415747995,-0.47962937675965767
323,324,-0.436118584297839,2.6069933667267176,-0.48547316289735903
324,325,-0.43153577423208683,2.620567180585008,-0.4981770588624731
325,326,-0.44866127080375656,2.62422664929806,-0.4898559966213001
326,327,-0.42750797939456703,2.638512441221069,-0.50404985233357
327,328,-0.4337924866147755,2.6406475074473494,-0.49280423570218307
328,329,-0.45567603871306595,2.658153460536503,-0.5136615573572951
329,330,-0.45541981240786594,2.661540472741353,-0.5052664742853106
330,331,-0.4469144319697309,2.675182321216172,-0.5180611042261332
331,332,-0.4684569500499451,2.6854659555060687,-0.5239602960878681
332,333,-0.4441137817879571,2.6959288766156364,-0.5302434321530861
333,334,-0.4670238355635154,2.7079427795837194,-0.5396574113439995
334,335,-0.47963673823483743,2.7063071241129077,-0.5218248362790404
335,336,-0.45155753724763054,2.7292700953272027,-0.5530683962429422
336,337,-0.4713608674793983,2.7319704008575214,-0.5441132344642251
337,338,-0.447335649499109,2.749129209638042,-0.563661409790518
338,339,-0.4700295264502696,2.7538631717280797,-0.5589061803999935
339,340,-0.4794060458731796,2.7601875985659037,-0.557384946508624
340,341,-0.4914851702583664,2.7770248890462046,-0.5761636902104463
341,342,-0.4633958947224303,2.7817710490802314,-0.5717460621141399
342,343,-0.47578282853488696,2.802606966294171,-0.5979789732608818
343,344,-0.5129956919336126,2.7922362069449194,-0.56521893828844
344,345,-0.4740355335711474,2.820977378937366,-0.6061604353254064
345,346,-0.49289647363151096,2.8116847679303865,-0.5759750849340252
346,347,-0.5127742061619153,2.8430942258750322,-0.6214715306323237
347,348,-0.4993509857377438,2.8374691046258,-0.5985131668606996
348,349,-0.4909959424123839,2.8526783235033055,-0.6139552849232158
349,350,-0.49229806445279656,2.8571717524943705,-0.6098866638717604
350,351,-0.5074347684889902,2.8745191586440835,-0.629128270278894
351,352,-0.5057952392492746,2.8731003341325283,-0.6146496497743942
352,353,-0.5010166480252628,2.8824194637345872,-0.6195589259854298
353,354,-0.529547457048733,2.90651800500744,-0.6506334989220548
354,355,-0.522454171084753,2.8972914594906345,-0.6229083253627461
355,356,-0.5218835377657279,2.9248472959468845,-0.6598247637522738
356,357,-0.529003157258655,2.923265096625274,-0.6458656543031784
357,358,-0.5311237023870439,2.938190521059656,-0.6606359619557018
358,359,-0.5330328636406426,2.950106706326319,-0.670180880016102
359,360,-0.5250100489340584,2.9518748949596434,-0.6624539420948019
360,361,-0.5392907955976644,2.9587884230061197,-0.663636541868523
361,362,-0.517075846579121,2.975957648077899,-0.6821477467325844
362,363,-0.5398818974607249,2.983860421271593,-0.6850723529099633
363,364,-0.5355956423926929,3.000605211702934,-0.7027431939922895
364,365,-0.5501763411030662,2.99981677988395,-0.691406064846655
365,366,-0.5547010315525995,3.010410656341844,-0.6989725486595488
366,367,-0.5417462592305529,3.0311269320069267,-0.7230380012729095
367,368,-0.5691291776350342,3.014090428193642,-0.6858540000179361
368,369,-0.5630297739445789,3.051659376017483,-0.7370243250119876
369,370,-0.5701812941931185,3.0568601256163244,-0.7359724034926188
370,371,-0.5776046692450143,3.042416480147259,-0.703873536350353
371,372,-0.5356769384959409,3.074258105007809,-0.7452996808839643
372,373,-0.5596988216828377,3.0722329461008635,-0.7332478390981054
373,374,-0.5690099267261237,3.088400728262305,-0.7498033611177515
374,375,-0.5730463563366093,3.0948247744708164,-0.7511933288220014
375,376,-0.5855086800568866,3.1016650566494803,-0.7533287114987958
376,377,-0.5651464362875176,3.1209433765717343,-0.7745697027705539
377,378,-0.6482629336006411,3.1380337894824804,-0.7923453722898056
378,379,-0.5611291296113189,3.120603384556492,-0.7579248161677857
379,380,-0.5725454299372245,3.14583270815925,-0.7880367241695212
380,381,-0.5809465549173279,3.1606314013882444,-0.8023526688673785
381,382,-0.6127588746130652,3.168350964024268,-0.8061315707838783
382,383,-0.5459552020769336,3.17579344339315,-0.8095817667639786
383,384,-0.6036706850663772,3.1845629468861327,-0.8150564070568408
384,385,-0.6004069438435444,3.1958406292786066,-0.8242349823496159
385,386,-0.5988655377897991,3.1916573678413553,-0.8111007027442029
386,387,-0.6109905741842855,3.212295598947088,-0.8338783257568106
387,388,-0.6142515917594175,3.2176460451131597,-0.8347006524644559
388,389,-0.6197342596346191,3.2331431670302613,-0.8500206243852805
389,390,-0.6147058617946505,3.229956568827325,-0.8389712743476994
390,391,-0.6108283455027794,3.2558263387933972,-0.8688483876632137
391,392,-0.6277303708731031,3.24709641616111,-0.8503746691112964
392,393,-0.6269495421342256,3.2847931348138566,-0.8964118671885601
393,394,-0.6341370364854704,3.2764507378802956,-0.8787934764246382
394,395,-0.7168455235731603,3.3315261203519766,-0.9480525455431559
395,396,-0.5824339170072145,3.267406533526804,-0.8549772246222203
396,397,-0.6053293381175996,3.30434598903431,-0.8993535292957406
397,398,-0.6218903399824663,3.3202491556644556,-0.9151466748320225
398,399,-0.6471150040188036,3.327934488267709,-0.9199453394503884
399,400,-0.6410211676769794,3.327935622283643,-0.9146626688183613
400,401,-0.6517226361961159,3.3343133490687875,-0.9179600828375849
401,402,-0.6507053051303328,3.3513948369030397,-0.9353256712085587
402,403,-0.6587892703476437,3.3623111985506835,-0.9446151497910165
403,404,-0.6665277959458948,3.3718066408092366,-0.952095572068224
404,405,-0.6709405384279832,3.374667430854589,-0.9511247188865184
405,406,-0.6645121938712345,3.397368743049182,-0.9755556258364141
406,407,-0.6673723173817647,3.3792758167710266,-0.9482334366664873
407,408,-0.6635639084730746,3.394015202257519,-0.9626535463292519
408,409,-0.6786463090571951,3.4155240920618715,-0.9854870312813294
409,410,-0.6795240882639526,3.424632982343121,-0.9927909936955429
410,411,-0.7387241538415056,3.4779577204313346,-1.0546557782711
411,412,-0.6995201034855956,3.407581257384593,-0.9643485664540516
412,413,-0.6372661022306706,3.4558910151191418,-1.0197964125959875
413,414,-0.6875702120642755,3.44129153057154,-0.9986004925908215
414,415,-0.6908536452742537,3.4866383461235997,-1.0498633224259069
415,416,-0.7339134994009142,3.475070194319685,-1.0326574924524443
416,417,-0.7010371126729371,3.4744265597605986,-1.0287801268782182
417,418,-0.6906503608849168,3.5066833295193387,-1.0638902766146472
418,419,-0.693912688791457,3.506829978958998,-1.0610864740875743
419,420,-0.695967203742537,3.5169709982283934,-1.0701013094137821
420,421,-0.7099216174577021,3.516910768532048,-1.0673529878570356
421,422,-0.7229793843972869,3.53443874325384,-1.085003064003039
422,423,-0.7237357030252648,3.541241044601124,-1.0903326374486877
423,424,-0.7209655197339925,3.550695812467957,-1.0987557696788872
424,425,-0.7288205267492861,3.555688850369078,-1.1021946516310683
425,426,-0.7251689486630318,3.557892130538388,-1.1026186528556619
426,427,-0.7196135583847816,3.5726237943299255,-1.1171343341268727
427,428,-0.739505735518041,3.5862820715646855,-1.1304325230022314
428,429,-0.7391111738654956,3.5861442082105026,-1.1285593437153953
429,430,-0.7385341896890838,3.598686655005602,-1.14070795800693
430,431,-0.7492918379873622,3.60559305323634,-1.1467454847553695
431,432,-0.7459663509234877,3.6194105996792523,-1.1603103475030014
432,433,-0.74894669312936,3.6190423188144516,-1.1586722625044195
433,434,-0.7742275488392845,3.628749791057759,-1.167931950391365
434,435,-0.7483978439898485,3.637160757241151,-1.1758624273938214
435,436,-0.7702654032491555,3.65230551665949,-1.1909216143570203
436,437,-0.7668774829759385,3.662382856107945,-1.20066166813162
437,438,-0.7767821267114848,3.6644441382117416,-1.2021301822723252
438,439,-0.7656272120764472,3.6773327523770503,-1.2148909002087396
439,440,-0.7956247321394466,3.692168550070629,-1.2296416505424064
440,441,-0.8486006287098181,3.7093216710305836,-1.2467200334181219
441,442,-0.813733526284916,3.693442114825931,-1.2303890948397316
442,443,-0.7269707046682016,3.705927584301025,-1.2428887394066241
443,444,-0.7883572162510574,3.7416552071394134,-1.2785535523494982
444,445,-0.80149688300486,3.720225683160607,-1.2573341787277015
445,446,-0.7827549762077681,3.7356601568593186,-1.2728162050591247
446,447,-0.7851282944512141,3.7443914712219333,-1.2817152372365497
447,448,-0.8010562444056437,3.7617646639742905,-1.2990554601847286
448,449,-0.8189356024920588,3.791535622712664,-1.3282929177091818
449,450,-0.8013245918288021,3.7440811283183537,-1.2833411939400443
450,451,-0.8063013113783635,3.7771681890651716,-1.315795766178249
451,452,-0.8178970752681399,3.794242376907166,-1.3328588047930043
452,453,-0.8100305022850861,3.795620837208481,-1.33513074112843
453,454,-0.8360390817338899,3.8173744683949056,-1.3565533857798482
454,455,-0.8146252887532428,3.811372004942352,-1.3521469316813406
455,456,-0.8164007070746393,3.8221652937940838,-1.3634347464960554
456,457,-0.833109366690979,3.828677282154191,-1.3708345493512837
457,458,-0.8299594961536538,3.840718585701919,-1.3833354200793329
458,459,-0.8394654700066926,3.845018752476452,-1.388863717097413
459,460,-0.8467067643709154,3.8565393733882876,-1.4009680039859926
460,461,-0.8454667673596564,3.8639395316969427,-1.4094223186413883
461,462,-0.8667499617186574,3.8834695957068415,-1.428669353644163
462,463,-0.8496479477040241,3.8852736537862547,-1.4322711626772644
463,464,-0.8608764117227901,3.8806393061234243,-1.430389752436349
464,465,-0.8461447281008672,3.888188763220498,-1.4392737442611954
465,466,-0.8603894004232346,3.915280855310168,-1.4650417967047642
466,467,-0.8541184775188164,3.9136663753148753,-1.4661061406942926
467,468,-0.8773856231095474,3.9274213677140577,-1.4803912823395222
468,469,-0.9059974165040907,3.9641534263127487,-1.51404600487505
469,470,-0.8568057599815831,3.8985310925650296,-1.461700185536673
470,471,-0.8419941463420938,3.952804806254288,-1.509992578013504
471,472,-0.8631729106929853,3.9361408853746225,-1.4992086538980796
472,473,-0.8848980225250739,3.970476110912119,-1.5306089031563146
473,474,-0.8861290257364947,3.980397194564301,-1.5418751564092463
474,475,-0.9216845684635542,3.9913441076477696,-1.5540083926578925
475,476,-0.888175969015806,3.9715881604518795,-1.5414884748927487
476,477,-0.8853622196524319,4.022775192132962,-1.5859648320110085
477,478,-0.8883305182457241,3.974713808253801,-1.5513418482498555
478,479,-0.9092248772885158,4.031854727087434,-1.600215097102844
479,480,-0.9095408820504075,3.9972688078137173,-1.5768952135082748
480,481,-0.8971083008128153,4.024646338961381,-1.6022026631342643
481,482,-0.9083474128562529,4.045575966085247,-1.6223857337941092
482,483,-0.9132262064838903,4.023171443515411,-1.609310540522602
483,484,-0.9080112491297703,4.053141955488199,-1.6364347023221462
484,485,-0.9354184696051344,4.057522552415284,-1.6440629404394844
485,486,-0.9187764376542371,4.06607625041422,-1.6549134430035213
486,487,-0.9350011435915638,4.062717925436437,-1.6569472967285532
487,488,-0.9376640307632897,4.10265992176037,-1.6911602258655274
488,489,-0.9453490320642486,4.075069195833581,-1.6755336647198122
489,490,-0.923368634921722,4.095115500602621,-1.6950456489921406
490,491,-0.977903132149342,4.129471184357215,-1.7248406105320984
491,492,-1.02145149836679,4.081093332148065,-1.6949887998351751
492,493,-0.8885313401427429,4.113532911754745,-1.7234104867288549
493,494,-0.946751944412261,4.134353901280063,-1.7434102118705583
494,495,-0.9947015257752823,4.150532202205477,-1.7600697713084497
495,496,-0.9411461161400432,4.128393739776883,-1.7499560992594227
496,497,-0.9455135247780342,4.135742123568114,-1.7606344086702088
497,498,-0.9593182358946554,4.160253961642217,-1.7831809076237715
498,499,-0.971269479880789,4.157860284846259,-1.7872410429929373
499,500,-0.9974722904109403,4.193513887474296,-1.8172543044107041
500,501,-0.9962644790331627,4.14995309209998,-1.7937327843998636
501,502,-0.9547270304023019,4.202162189864635,-1.8347602929605835
502,503,-0.9519764104794798,4.192694213427759,-1.834499042471376
503,504,-0.9964024254463201,4.195931407491881,-1.8428271199902007
504,505,-0.9910347227699701,4.213149639078323,-1.8603919738852848
505,506,-1.0167862368998817,4.222027503051314,-1.872510127798338
506,507,-0.9741036275886189,4.224729206682331,-1.8806959757979838
507,508,-0.9990658182155734,4.215000849960046,-1.881041186662957
508,509,-0.9954824042143817,4.242892860348268,-1.9054729686610745
509,510,-1.0226014205395066,4.249561512089871,-1.9164046647513837
510,511,-0.9969809294955237,4.235384373981007,-1.914374002690561
511,512,-1.0308423871172376,4.265460771311161,-1.940051775833776
512,513,-1.0081269350587692,4.2520371382021045,-1.9387978639459538
513,514,-1.0150970364506449,4.271017600316757,-1.9575909966370815
514,515,-1.0229531995775385,4.291001729272415,-1.976942051580539
515,516,-1.040096695990453,4.28804175489017,-1.9824300771463965
516,517,-1.0230096913536553,4.29213780027942,-1.9922822069645496
517,518,-1.0417585572829051,4.279207935662063,-1.9921332137331893
518,519,-1.0213547114261008,4.304211736848799,-2.014529266198449
519,520,-1.0388831197140038,4.316142288544952,-2.0291942560587817
520,521,-1.0340711622347347,4.315439734735277,-2.036561066370677
521,522,-1.0622664576418273,4.325025177300483,-2.049966064335791
522,523,-1.0490009647550724,4.329732132140044,-2.0606261403281683
523,524,-1.1404880037662228,4.365564325410135,-2.0889677074154576
524,525,-1.025242809733498,4.346100620741352,-2.086086626930261
525,526,-1.0390287040660642,4.344313470624544,-2.0933385399536277
526,527,-1.0585508364186271,4.367249538014253,-2.1143799640967913
527,528,-1.0623689914647485,4.37262343842876,-2.12571825261361
528,529,-1.0708916752532407,4.360457976031838,-2.12759404438255
529,530,-1.0821650801006175,4.415410565873177,-2.1658865314560685
530,531,-1.1240951109280946,4.384491538008149,-2.157888457045607
531,532,-1.1158132699953405,4.41451793631117,-2.1826128309861037
532,533,-1.048114466680456,4.371798071253324,-2.1689097259388657
533,534,-1.0496310362386303,4.414237217527544,-2.200145933828643
534,535,-1.0838540898506561,4.41005972034693,-2.2069978602213447
535,536,-1.092248644953069,4.437821303598198,-2.2304058263137945
536,537,-1.102338250290249,4.421804872081921,-2.2313946484716634
537,538,-1.1112914870234618,4.424125158340334,-2.2418972166642344
538,539,-1.0932623522695604,4.442692348357425,-2.2606352022595515
539,540,-1.1290639651261827,4.443430691241072,-2.2704741367483985
540,541,-1.0979499541496995,4.441233956939455,-2.278973692605019
541,542,-1.1202146169961595,4.468969727067741,-2.3022314567042175
542,543,-1.122263616560711,4.46291785023128,-2.3090023850205132
543,544,-1.1132364944122963,4.464696425059202,-2.319697755503305
544,545,-1.1225331005841737,4.475140824223882,-2.3346189823911856
545,546,-1.1313087442074594,4.481427515913857,-2.3476032255983257
546,547,-1.128224440481751,4.494977138458501,-2.364048944478763
547,548,-1.1382409498120636,4.488126480452788,-2.3710241761056143
548,549,-1.1435423979632888,4.500222862214068,-2.386886431983318
549,550,-1.135043144995387,4.5088875684990475,-2.401196093074433
550,551,-1.1562503493876366,4.50192493275754,-2.4084767945565115
551,552,-1.1531478392549528,4.521521348078009,-2.427831595555894
552,553,-1.1483571609139689,4.53047629287221,-2.442410263387097
553,554,-1.171576179033044,4.538494979542896,-2.456614529809024
554,555,-1.2302459318894343,4.5677644410299285,-2.4801440090546643
555,556,-1.1019362936273083,4.5058478369972566,-2.4640886777525655
556,557,-1.167640796044765,4.5687943007103335,-2.502177958885404
557,558,-1.1613145775308624,4.542328063706531,-2.5018783565361855
558,559,-1.1679245393474227,4.573826374799828,-2.5263075656534295
559,560,-1.2104494109996147,4.562899236990558,-2.532891151717774
560,561,-1.1535294798415876,4.567700611113032,-2.5461695403469418
561,562,-1.172902780416752,4.572841842724962,-2.559655612672863
562,563,-1.1835930644349975,4.609121662396789,-2.5858526902323664
563,564,-1.2044471982978557,4.5654736979435,-2.579722437735024
564,565,-1.1869670257012561,4.591437870187849,-2.6017706979884827
565,566,-1.201896564904931,4.62873951581802,-2.628204809230488
566,567,-1.1902202319066357,4.582134837298827,-2.621644491377712
567,568,-1.196294612250396,4.616668088189113,-2.646970275934379
568,569,-1.2096746826191793,4.620701349412603,-2.6604374309379146
569,570,-1.2104361755006865,4.621691849032708,-2.6728203704804847
570,571,-1.239616608008889,4.6284374097745316,-2.687464225501647
571,572,-1.2005034027657882,4.612683313714565,-2.6937709512025267
572,573,-1.204778648128773,4.639585931280231,-2.7160425698098454
573,574,-1.2180002064326139,4.638357548178922,-2.7279345411362286
574,575,-1.221963578450522,4.643705896071939,-2.7423162967865338
575,576,-1.2539947659939916,4.678682048631158,-2.7673785614948385
576,577,-1.2432504906369661,4.6618373426645165,-2.7739016899985547
577,578,-1.2461510886450327,4.644042241834993,-2.780308159827156
578,579,-1.201552767073923,4.663131360896032,-2.7997676397786364
579,580,-1.2441018571299651,4.647898564231258,-2.8073743716531374
580,581,-1.2449620809975297,4.695320513332555,-2.836535273114518
581,582,-1.2553598145881157,4.67213011533908,-2.84164699068352
582,583,-1.262857468479091,4.697884501915207,-2.8633543678792623
583,584,-1.2436423930669693,4.684729950465182,-2.872126554058716
584,585,-1.2622888397032295,4.697024539472118,-2.8894046587155096
585,586,-1.2528540501326948,4.694920930486204,-2.902037241046032
586,587,-1.265203570253355,4.704105876861147,-2.9183917431317403
587,588,-1.2651102829948675,4.7138721842622076,-2.9349624515868338
588,589,-1.2874002469661503,4.706952241238754,-2.9463353647552535
589,590,-1.2614551664267761,4.745080008394628,-2.9718053774692965
590,591,-1.2749376607701501,4.712286628620206,-2.9753803786730337
591,592,-1.2661849615528098,4.721201695402184,-2.9919093672281454
592,593,-1.272677298977854,4.736512668784533,-3.010389101886434
593,594,-1.2964652623168047,4.734633995556042,-3.023764529559423
594,595,-1.2852985171356273,4.748529856232294,-3.0418680621448373
595,596,-1.3184924362777337,4.735741834952151,-3.052240370364543
596,597,-1.2812204773628568,4.757996947984035,-3.0728269808143063
597,598,-1.2676948453032952,4.748573800725813,-3.084387797737607
598,599,-1.2999027314735332,4.769856570911608,-3.104696658733879
599,600,-1.3051462557245779,4.768592716983475,-3.118720017725572
600,601,-1.356465303613899,4.782622009627079,-3.1370231766841585
601,602,-1.2791291330778234,4.7703622344994905,-3.148223826843558
602,603,-1.313537400562314,4.77626096120786,-3.1644402746203024
603,604,-1.2900595838610538,4.787943352902372,-3.1822336506809092
604,605,-1.3145611624460742,4.779036251358928,-3.1946772428805383
605,606,-1.318551099514958,4.774570943240554,-3.2084097932305515
606,607,-1.3311038872613672,4.801162023471184,-3.230152367370752
607,608,-1.311549527110053,4.805016921001518,-3.246107436939558
608,609,-1.332392067817219,4.795914795888245,-3.2589145747470867
609,610,-1.3223855007555247,4.81542551249008,-3.2788687128033267
610,611,-1.326840210955706,4.793365740240314,-3.2887451352268036
611,612,-1.3342202701967916,4.814259245672628,-3.309088685861538
612,613,-1.3381739914972006,4.818879157319681,-3.3255584520194117
613,614,-1.3403644410499844,4.8284375950158696,-3.3432330001184707
614,615,-1.3598734181104217,4.809621563283338,-3.3544310567778455
615,616,-1.393473432287413,4.854859305696428,-3.3803144028940593
616,617,-1.332301095056018,4.781786187002099,-3.379616132019635
617,618,-1.34935916550121,4.879646667629471,-3.417056232135779
618,619,-1.3684557772028605,4.829098290097547,-3.421781786696364
619,620,-1.3409924076447022,4.831467765997232,-3.4382216751585077
620,621,-1.358025063590439,4.851425377973777,-3.458441204444425
621,622,-1.3693974754416034,4.859804391849444,-3.4762164981623616
622,623,-1.3683390505431625,4.842795895515785,-3.4888215287363087
623,624,-1.3632260736921926,4.852116147487051,-3.5069289342853542
624,625,-1.377399596881968,4.856367763379652,-3.5240546789639526
625,626,-1.3627968024030093,4.864892096983688,-3.5420751773294703
626,627,-1.3918442233802673,4.880493261481358,-3.5614937211703492
627,628,-1.3831748682507015,4.856455341960894,-3.5733642875845275
628,629,-1.3836536874500653,4.868577386456043,-3.5922279251220064
629,630,-1.383136561148297,4.8850880890053645,-3.6119105769265927
630,631,-1.3942175688910967,4.864460972254686,-3.624840478618452
631,632,-1.4167242084938032,4.8848099537169904,-3.645285393122907
632,633,-1.3958249199645019,4.9116144798723935,-3.6668275214788006
633,634,-1.4203322251451018,4.893552033802688,-3.680542382117021
634,635,-1.3767609865366472,4.8873834263391505,-3.6964618762601384
635,636,-1.405335515941686,4.890332093581787,-3.71401906886272
636,637,-1.4025105580662676,4.902633598852529,-3.7331740307953116
637,638,-1.4247478034723386,4.911603018415249,-3.7518005208063943
638,639,-1.3993464597398484,4.87734885060378,-3.7636003570239853
639,640,-1.4214252683910655,4.916435568743733,-3.7870942625963915
640,641,-1.4178207642008864,4.939055117271634,-3.807927403781869
641,642,-1.459763360040941,4.8953190022657465,-3.8187497427670483
642,643,-1.391807664146344,4.920025510443191,-3.8399776391438634
643,644,-1.4243542161388538,4.9272266550415535,-3.858614796467939
644,645,-1.421551677475744,4.914598925245042,-3.8744759429346094
645,646,-1.4483684469043143,4.921003187950987,-3.8931300189090097
646,647,-1.434653567792731,4.928268268290096,-3.9119421277055855
647,648,-1.4441176084389402,4.932069145776089,-3.930327392874532
648,649,-1.460601762872237,4.936447492512718,-3.948843095664654
649,650,-1.440430601599484,4.942033462371054,-3.9675645342402945
650,651,-1.4424579576269567,4.936577702416138,-3.984945493298958
651,652,-1.4473281154822597,4.9571935637700735,-4.005630478481685
652,653,-1.469635394246958,4.929657100424147,-4.020498696407557
653,654,-1.4281996709991438,4.951146409612895,-4.041342041294856
654,655,-1.447782415847861,4.957292183482201,-4.060385147896835
655,656,-1.4495545994276688,4.929149236342984,-4.0756261856672005
656,657,-1.4602125590978832,4.963179591890269,-4.09789148265505
657,658,-1.4754268178189325,4.96112107352374,-4.116196931056442
658,659,-1.4756316903679099,4.944380652395077,-4.133057703692704
659,660,-1.4666524806641161,4.967630932818736,-4.154137166916442
660,661,-1.4784252605904142,4.967749500137005,-4.1728793178767285
661,662,-1.489683611405056,4.9478011076076385,-4.189760732289857
662,663,-1.438914892320036,4.965538264204972,-4.210347763865975
663,664,-1.4875556947517135,4.980899212287593,-4.2306973040680935
664,665,-1.4779037260171923,4.948242555614627,-4.246789606347018
665,666,-1.478195430917166,4.963322431731641,-4.267221569217653
666,667,-1.4729489160010862,4.975331475096346,-4.287391024287684
667,668,-1.516860402556316,4.977824782268464,-4.306799861856948
668,669,-1.463061751594957,4.960613705154606,-4.324723599907388
669,670,-1.4978004781093424,4.975736027564737,-4.345252997262991
670,671,-1.5091018613089118,4.976091108214918,-4.36469408559513
671,672,-1.5153980594630707,4.985620141692472,-4.384851133518922
672,673,-1.4805300918388806,4.960423988296945,-4.402660531393624
673,674,-1.5190168843901781,4.996221244191252,-4.424671422076893
674,675,-1.4974849091172386,4.996398381131925,-4.44432059600584
675,676,-1.519182347718034,4.9602002712031386,-4.461829573548753
676,677,-1.5137523753889766,4.991089076729926,-4.4834911281264525
677,678,-1.5009623384298507,4.972494600164957,-4.502307808903889
678,679,-1.5266835572365003,4.988542530555568,-4.523130346515033
679,680,-1.5433548423853622,5.003770764139602,-4.543898917353073
680,681,-1.5196984865960756,4.975883777794955,-4.562572997207276
681,682,-1.5493507723689046,4.985602417000517,-4.583177756526472
682,683,-1.5027229939273092,4.985927149353375,-4.603392156578206
683,684,-1.5046181524348987,4.99953720623734,-4.624217427141882
684,685,-1.5077444030343474,4.9990323105348855,-4.644495799879614
685,686,-1.5272838233380308,4.982092435355303,-4.664245387139355
686,687,-1.5382556071981481,4.986472423920657,-4.684864215899851
687,688,-1.5412836996996286,4.9991309629909235,-4.705787451231044
688,689,-1.5376814505114291,4.99051153968091,-4.72609509022855
689,690,-1.552533305995788,4.989943939701391,-4.746723379027245
690,691,-1.5462760445118662,4.9901517764334375,-4.767437262957988
691,692,-1.5472905374135708,5.007976371419748,-4.788602151976035
692,693,-1.5628311845067933,4.9870590202030325,-4.808983886763111
693,694,-1.569365407796568,5.009691299102995,-4.830281985799364
694,695,-1.5444100463128103,4.966850605959939,-4.850555861336352
695,696,-1.5678325390822643,5.010092629649572,-4.872182246438918
696,697,-1.5430804072908475,4.994128948281717,-4.893056656288888
697,698,-1.5600398027491662,5.009999530613786,-4.914324125176605
698,699,-1.5888956068791555,4.988679386707305,-4.935366390319407
699,700,-1.5465513855016528,4.995811257927999,-4.956666654152543
