,angularVelocitySim,commandedAngularVelocity,commandedLinearVelocity,commandedWheelAngle,index,linearVelocitySim,vl,vl_c,vr,vr_c,wheelAngleSim
0,0.0,0.003192336138374787,0.08752121019363696,0.018235478414003112,1,0.0,0.0,0.15846198461404337,0.0,0.15979696154463646,1.5452449321746826
1,0.006240866400978782,0.6290858098155607,0.09233720465683204,1.2852582416858278,2,0.008803004026412964,0.09147167205810547,0.036349702778259184,0.06162405014038086,0.29942195051931186,1.5436418056488037
2,0.05052265253933993,0.5686859623561233,0.09684536934049053,1.2425259212918551,3,0.016436761617660525,0.26374340057373047,0.05717542485370243,0.022113323211669922,0.2949895545662631,1.540934681892395
3,0.04916420849886807,0.5136127995329318,0.10160964783069364,1.1940314387196767,4,0.01783961057662964,0.2726936340332031,0.07735304706255722,0.037560462951660156,0.29213658141269233,1.5373640060424805
4,0.03857532414523038,0.4640097070882696,0.10658813583010371,1.1401347387476914,5,0.013756638765335083,0.2118682861328125,0.09677639911809581,0.027377605438232422,0.29081682208228127,1.5349044799804688
5,0.03511316126043146,0.4196932120607825,0.11174480845073223,1.0814824793826656,6,0.021088385581970216,0.26734352111816406,0.11541834375225862,0.0994110107421875,0.290926414250404,1.5317195653915405
6,0.032629576596346764,0.38029749770572346,0.11704895509593657,1.0190103633967147,7,0.017744195461273194,0.23232460021972656,0.13329953247232432,0.07627010345458984,0.2923330315128996,1.5294007062911987
7,0.029446081681685013,0.34537219101758154,0.12247452210467233,0.9539011581973142,8,0.022156596183776855,0.2630805969238281,0.15046676388663718,0.12225151062011719,0.29489513467580764,1.5280704498291016
8,0.026762095364657314,0.3144440115193774,0.12799945367040896,0.8874975639189415,9,0.01791994571685791,0.21982192993164062,0.16697889517396464,0.09182929992675781,0.2984736636275225,1.5261377096176147
9,0.023828853260387074,0.2870528965489857,0.13360508032280063,0.821183094354509,10,0.02128744125366211,0.24209022521972656,0.18289817676303138,0.1281261444091797,0.3029384789562436,1.5242863893508911
10,0.024097550999034534,0.26277121486883326,0.1392755769781842,0.756255692056126,11,0.0224923312664032,0.25321006774902344,0.19828524957866978,0.13796091079711914,0.3081713939783637,1.5235165357589722
11,0.01990357312289151,0.24121234591267546,0.14499749622691502,0.6938214883526331,12,0.0213370680809021,0.23313522338867188,0.2131965026308315,0.13794422149658203,0.31406712001249576,1.5225038528442383
12,0.01775548674843528,0.22203290621134328,0.15075937369500422,0.63472831388977,13,0.02458241581916809,0.25621891021728516,0.22768288996490862,0.17130136489868164,0.32053301438056125,1.5214788913726807
13,0.018506245179609818,0.20493140826515718,0.15655139818700398,0.5795447474962971,14,0.0268424928188324,0.2776670455932617,0.2417896113391107,0.18915891647338867,0.3274882002499946,1.519140362739563
14,0.017510219053788616,0.18964509495016887,0.16236513791271967,0.5285777156551548,15,0.027069789171218873,0.27726173400878906,0.25555627635172773,0.19351720809936523,0.3348624069672529,1.5189740657806396
15,0.016049081628972832,0.17594600049302628,0.1681933141546568,0.48191471895475474,16,0.032004916667938234,0.3166818618774414,0.26901731654174316,0.23992538452148438,0.342594734929736,1.5180141925811768
16,0.01471356912092729,0.16363684520126634,0.17402961448433327,0.4394762077858674,17,0.03024398684501648,0.2981758117675781,0.2822025041567048,0.22780656814575195,0.35063245760450706,1.5166434049606323
17,0.013347647406838156,0.15254709453203702,0.17986853865200594,0.4010670966097291,18,0.03150576949119568,0.3058815002441406,0.29513749596513034,0.24204492568969727,0.35892991731489127,1.5152775049209595
18,0.013498197902332651,0.14252934537756698,0.18570527132678177,0.3664210392358714,19,0.0372397243976593,0.35610198974609375,0.30784435746974825,0.29154539108276367,0.36744753826400356,1.5153095722198486
19,0.012440356341275301,0.13345610386631962,0.1915355768415364,0.33523501679548917,20,0.03392898440361023,0.3247833251953125,0.32034204526710847,0.2652859687805176,0.37615096142938753,1.5141804218292236
20,0.012995698235251686,0.12521696334573557,0.19735571195486282,0.3071943473676372,21,0.035351163148880003,0.33847808837890625,0.3326468384910968,0.2763247489929199,0.3850102958902225,1.5141348838806152
21,0.010946317152543501,0.11771616172547307,0.2031623533700691,0.2819895143733785,22,0.03640168905258179,0.34271240234375,0.3447727177666176,0.2903604507446289,0.3939994763063609,1.5140196084976196
22,0.00564265251159668,0.11087048342029313,0.20895253735646924,0.2593266216583045,23,0.039877623319625854,0.36025524139404297,0.35673169411479183,0.3332686424255371,0.4030957144541871,1.512940526008606
23,0.013473770835182882,0.10460746617832882,0.2147236093147306,0.23893320558798029,24,0.03842542171478271,0.36635398864746094,0.36853409218949595,0.3019142150878906,0.4122790325913426,1.5123738050460815
24,0.009226452220569956,0.09886387309571731,0.22047318153210752,0.22056084668698384,25,0.04234347343444824,0.39026737213134766,0.3801887929565455,0.34614086151123047,0.4215318671602091,1.5117597579956055
25,0.006517041813243519,0.09358439270070809,0.22619909770085112,0.20398568792198085,26,0.04118519425392151,0.3737163543701172,0.39170344098230847,0.3425478935241699,0.4308387324753319,1.512474536895752
26,0.005048426714810458,0.08872053371921744,0.23189940303729484,0.18900766199352131,27,0.03930568099021912,0.35386085510253906,0.4030846211992451,0.32971620559692383,0.44018593530000877,1.5119848251342773
27,0.003833554007790305,0.08422968521311411,0.23757231905265083,0.1754489838961649,28,0.04163306951522827,0.37119388580322266,0.4143380095511685,0.3528594970703125,0.4495613324584708,1.5117957592010498
28,0.004807147112759677,0.08007431676416012,0.2432162221986881,0.16315227971527246,29,0.041077440977096556,0.36869049072265625,0.42546850140147213,0.3456997871398926,0.4589541247755755,1.5116783380508423
29,0.007476178082552823,0.07622129705397905,0.24882962575054693,0.15197858964469946,30,0.0429953396320343,0.3917503356933594,0.43648032107152607,0.35599470138549805,0.46835468165773547,1.5113993883132935
30,0.004922303286465732,0.0726413124628717,0.2544111644017014,0.14180539111608637,31,0.04660507440567017,0.41703224182128906,0.4473771153972203,0.3934907913208008,0.47775439151805754,1.5108999013900757
31,0.0076401883905584155,0.06930837016061128,0.2599595811371792,0.13252472603422089,32,0.0432266116142273,0.3941535949707031,0.45816203376128894,0.35761356353759766,0.4871455340102718,1.5105235576629639
32,0.0019431981173428621,0.06619937261475244,0.2654737160256011,0.1240414756709743,33,0.04817723035812378,0.42357921600341797,0.46883779668164466,0.41428565979003906,0.49652117068417745,1.5126971006393433
33,0.004801663485440341,0.06329375252001343,0.2709524966309602,0.11627180110758656,34,0.05286765098571777,0.47120094299316406,0.47940675471119754,0.44823646545410156,0.5058750512195668,1.5105006694793701
34,0.003254283558238636,0.060573158912300945,0.27639492979460245,0.10914175143314221,35,0.05272781848907471,0.46628475189208984,0.48987093912670515,0.45072078704833984,0.5152015328536673,1.511080265045166
35,0.005681037902832031,0.058021186708555564,0.28180009457851396,0.10258603279893463,36,0.05401263236999512,0.4832601547241211,0.5002321056491456,0.45608997344970703,0.5244955109999961,1.5118649005889893
36,0.0014317252419211648,0.05562314314969923,0.2871671361942311,0.09654692656598671,37,0.053376531600952154,0.46756744384765625,0.5104917722400285,0.4607200622558594,0.5337523593753573,1.5121166706085205
37,0.005716930736194957,0.05336584566396803,0.2924952607694769,0.09097334261128863,38,0.05989930629730225,0.5345344543457031,0.5206512518511283,0.5071926116943359,0.5429678782196968,1.510277271270752
38,0.0038355480540882454,0.05123744653106017,0.29778373082725923,0.08581999331273867,39,0.05559109449386597,0.4925727844238281,0.5307116808657951,0.4742288589477539,0.5521382494151474,1.5107463598251343
39,0.004952213980934836,0.04922728045191408,0.3030318613712788,0.08104667415203283,40,0.05704973936080933,0.5079269409179688,0.5406740438532885,0.48424243927001953,0.5612599974968161,1.5120903253555298
40,0.003991083665327592,0.047325731737644525,0.30823901648720486,0.07661763782063245,41,0.058878529071807864,0.5215311050415039,0.550539195158865,0.5024433135986328,0.570329955703698,1.5119304656982422
41,0.0069542364640669384,0.04552411833261382,0.31340460638269657,0.07250104989271682,42,0.057269084453582766,0.5146217346191406,0.5603078777717199,0.48136234283447266,0.5793452363471766,1.5108845233917236
42,0.0036720362576571374,0.04381459031481989,0.31852808480022954,0.06866851540199484,43,0.06062232255935669,0.5359315872192383,0.5699807398436822,0.5183696746826172,0.588303204884425,1.5119099617004395
43,-0.0005842555652965199,0.04219004087268057,0.32360894674593815,0.06509466690516488,44,0.05864794254302979,0.5085849761962891,0.5795583491737816,0.5113792419433594,0.5972014571750843,1.5109889507293701
44,0.005018017508766868,0.0406440280521762,0.32864672648592097,0.061756805779402665,45,0.06452556848526002,0.5730915069580078,0.5890412059271285,0.5490922927856445,0.6060377994762204,1.5110353231430054
45,0.0010717998851429331,0.039170705826222146,0.3336409957680669,0.05863458958035736,46,0.061753046512603764,0.539546012878418,0.5984297538146388,0.5344200134277344,0.6148102307965134,1.5116267204284668
46,0.0036790154196999288,0.03776476324348976,0.33859136223306396,0.05570975923377854,47,0.06515974998474121,0.575404167175293,0.6077243899273865,0.5578088760375977,0.623516927283755,1.5114822387695312
47,0.0009461749683726918,0.0364213705985121,0.343497467983496,0.052965900687897395,48,0.0638675332069397,0.5576324462890625,0.6169254733903038,0.5531072616577148,0.6321562283678634,1.511275291442871
48,0.0004369578578255393,0.03513613171162844,0.34835898828396344,0.05038823638617683,49,0.06975729510188103,0.6076300740242004,0.626033332976593,0.6055402755737305,0.6407266244196376,1.5119678974151611
49,0.005648136138916016,0.033905041538674116,0.353175630368786,0.04796344256735376,50,0.06705681085586548,0.5966091156005859,0.6350482738033426,0.5695962905883789,0.6492267457195156,1.5112359523773193
50,0.0038983605124733663,0.03159542962538732,0.3579455476513024,0.04410578568610519,51,0.0629558801651001,0.5567646026611328,0.6442037695352415,0.5381202697753906,0.6574164037422215,1.5114214420318604
51,0.0019292397932572797,0.030487466290985466,0.3626723536982216,0.0420069675725535,52,0.07153693437576295,0.626673698425293,0.6530296274086513,0.6174468994140625,0.6657789314939725,1.5116485357284546
52,0.00012363087047230113,0.029424632678382114,0.367354270799369,0.04002800323710976,53,0.06987073421478272,0.6078672409057617,0.6617644328024637,0.6072759628295898,0.6740692791952417,1.5136717557907104
53,-0.0006650144403631036,0.02840409430354335,0.3719911434282374,0.03815992169709107,54,0.07135158777236938,0.6188583374023438,0.6704084956060543,0.6220388412475586,0.682286571405718,1.513293981552124
54,0.00019342249090021306,0.0274232539385389,0.3765828401418847,0.036394575091668976,55,0.07316036224365234,0.6366395950317383,0.6789621198890049,0.6357145309448242,0.6904300260814848,1.511950135231018
55,0.0046062469482421875,0.02647973002527448,0.3811292526427574,0.03472455334712264,56,0.06871862411499023,0.6085681915283203,0.6874256067088196,0.5865383148193359,0.6984989483557525,1.512817144393921
56,-0.0021146860989657316,0.025571337251003648,0.38563029486757217,0.033143108602928406,57,0.07351981401443482,0.6342458724975586,0.6957992565158304,0.6443595886230469,0.7064927248207955,1.51279878616333
57,0.0013539574363014915,0.02469606903647334,0.3900859020966497,0.03164408817527257,58,0.07498641014099121,0.6552934646606445,0.704083371195373,0.6488180160522461,0.7144108182469893,1.5132375955581665
58,0.004131663929332386,0.02385208172319342,0.3944960300780104,0.0302218750043275,59,0.07368733882904054,0.650639533996582,0.7122782557815329,0.6308794021606445,0.7222527626839592,1.5129324197769165
59,0.00021037188443270594,0.02303768026973374,0.3988606541618253,0.028871334667593472,60,0.07683466672897339,0.6686305999755859,0.7203842198741925,0.6676244735717773,0.7300181588960812,1.5132410526275635
60,0.0014965317466042257,0.02225130529031448,0.403179768441313,0.02758776816273559,61,0.07600444555282593,0.6644868850708008,0.7284015787871396,0.6573295593261719,0.7377066700903621,1.5140166282653809
61,0.0016610405661843038,0.02149152129316251,0.4074533848973413,0.02636686977232611,62,0.07916493415832519,0.6923627853393555,0.7363306544520501,0.6844186782836914,0.745318017901918,1.5148693323135376
62,0.0015284364873712711,0.02075700599025249,0.41168153254424145,0.025204689408062086,63,0.07729529142379761,0.6757879257202148,0.7441717761006589,0.6684780120849609,0.7528519786056735,1.5140148401260376
63,0.005514535036954012,0.020046540563470834,0.41586425657531406,0.024097598907070222,64,0.08289188146591187,0.7339859008789062,0.7519252807463906,0.7076120376586914,0.7603083795274785,1.513956069946289
64,0.0031107122247869315,0.019359000795756726,0.420001617506747,0.023042261831980687,65,0.07903223037719727,0.6946754455566406,0.7595915134822454,0.6797981262207031,0.7676870956331981,1.515490174293518
65,-0.0008085857738148081,0.018693348970010435,0.42409369031944144,0.022035606362852234,66,0.0809742569923401,0.7021903991699219,0.7671708276143459,0.7060575485229492,0.774988046274532,1.515281319618225
66,0.0007736899636008523,0.0180486264684995,0.4281405635983511,0.02107480094293644,67,0.08361983299255371,0.7289791107177734,0.7746635846444976,0.7252788543701172,0.7822111920767791,1.515672206878662
67,0.0026460994373668323,0.01742394699892233,0.43214233866956064,0.020157232364691063,68,0.08580341339111329,0.7524442672729492,0.7820701541176083,0.7397890090942383,0.7893565319535212,1.5155881643295288
68,0.00020438974553888494,0.016818490387461457,0.4360991287355548,0.019280486027787494,69,0.0894053339958191,0.7779264450073242,0.7893909133472666,0.7769489288330078,0.7964241002365688,1.5150851011276245
69,0.002357698028737848,0.01623149688822032,0.44001105800939977,0.01844232813590135,70,0.08560196205973626,0.7500028610229492,0.7966262470313716,0.7387269139289856,0.8034139639119001,1.5159425735473633
70,0.0030339414423162284,0.01566226195850542,0.4438782608488293,0.01764068962050402,71,0.08612283468246461,0.7561492919921875,0.803776546770184,0.7416391372680664,0.8103262199528316,1.5156060457229614
71,-0.00020339272238991475,0.015110131458011086,0.44770088089151233,0.016873651608521528,72,0.08885011672973633,0.7721233367919922,0.8108422104978928,0.7730960845947266,0.8171609927439701,1.5162752866744995
72,0.0004875443198464133,0.01457449723677799,0.45147907019283395,0.01613943227465039,73,0.0858322024345398,0.747532844543457,0.8178236418374627,0.7452011108398438,0.8239184315910243,1.5160712003707886
73,0.0024427067149769173,0.014054793074971816,0.4552129883676573,0.015436374931259796,74,0.0877495527267456,0.7688808441162109,0.8247212493891554,0.7571983337402344,0.8305987083114164,1.5176447629928589
74,-0.00363016128540039,0.013550490946704864,0.4589028017379582,0.014762937231581875,75,0.08821319341659546,0.7583904266357422,0.8315354459619766,0.775752067565918,0.8372020149033259,1.5185765027999878
75,0.00030409206043590194,0.013061097578807735,0.4625486824878182,0.014117681371307077,76,0.09043022394180299,0.7870769500732422,0.8382666477568278,0.7856225967407227,0.8437285612897837,1.5183510780334473
76,0.00029511885209517044,0.012586151285007034,0.4661508078277575,0.013499265193713675,77,0.09023199081420899,0.7853317260742188,0.8449152735090575,0.7839202880859375,0.8501785731373332,1.517866611480713
77,0.0042313662442294035,0.01212521904542722,0.4697093591702949,0.012906434100410407,78,0.09484481811523438,0.8348560333251953,0.8514817436001285,0.8146190643310547,0.8565522897463982,1.5182220935821533
78,0.005225398323752663,0.011677893822293811,0.47322452131840625,0.012338013699916736,79,0.09108113050460816,0.8045053482055664,0.8579664791433499,0.7795143127441406,0.8628499620144909,1.5180720090866089
79,0.0013001181862571023,0.011243792084498546,0.4766964816692223,0.011792903113072179,80,0.08947415351867676,0.7811450958251953,0.8643699010536453,0.7749271392822266,0.8690718504707993,1.5190038681030273
80,0.003692973743785511,0.01082255153271744,0.4801254294342596,0.011270068880510953,81,0.09429974555969238,0.8288288116455078,0.8706924291054493,0.8111667633056641,0.8752182233827674,1.5176644325256348
81,0.0024088079279119315,0.010413829004359597,0.48351155487857445,0.010768539409215256,82,0.09260969161987305,0.8110618591308594,0.8769344809874056,0.7995414733886719,0.8812893549346832,1.5191271305084229
82,-0.0010862567208030007,0.010017298549832687,0.4868550485803141,0.01028739991261674,83,0.09703127741813661,0.8411526679992676,0.8830964713583332,0.8463478088378906,0.8872855234791723,1.5197668075561523
83,0.0006096796555952592,0.009632649666734263,0.49015610071257915,0.009825787797463145,84,0.10002012848854065,0.8711981773376465,0.8891788109107357,0.8682823181152344,0.8932070098622792,1.5196707248687744
84,9.023059498180042e-05,0.009259585678102415,0.4934149003490741,0.009382888453831468,85,0.09641985297203065,0.8386492729187012,0.8951819054474406,0.8382177352905273,0.8990540958219196,1.519247055053711
85,0.002213391390713778,0.008897822250505335,0.4966316347953869,0.008957931417680181,86,0.10168015956878662,0.8894681930541992,0.9011061549755978,0.8788824081420898,0.9048270624621727,1.5201691389083862
86,0.0018534660339355467,0.008547086036168846,0.49980648894719804,0.008550186866255118,87,0.09589465856552125,0.8382987976074219,0.9069519528237066,0.8294343948364258,0.9105261888024682,1.5213040113449097
87,-0.003637638959017667,0.008207113437036262,0.5029396446767442,0.0081589624231156,88,0.09583118557929993,0.8246159553527832,0.9127196847845184,0.8420133590698242,0.9161517504036424,1.5212701559066772
88,-0.002065333453091708,0.007877649476002205,0.5060312802490672,0.007783600238942662,89,0.0978669822216034,0.8460783958435059,0.9184097282896853,0.8559560775756836,0.9217040180705589,1.5218526124954224
89,-0.0008728937669233842,0.007558446776148202,0.5090815697688793,0.0074234743319365306,90,0.10080236792564393,0.8744549751281738,0.924022451617495,0.8786296844482422,0.9271832566329751,1.5219284296035767
90,-0.0004207437688654119,0.007249264632203768,0.5120906826592875,0.007077988156775539,91,0.09991443157196045,0.8678150177001953,0.9295582131392436,0.8698272705078125,0.9325897238036198,1.5221370458602905
91,0.0002836530858820135,0.00694986817611553,0.5150587831730442,0.006746572390269264,92,0.10345205664634705,0.900261402130127,0.9350173606050745,0.8989048004150391,0.9379236691150862,1.5222443342208862
92,0.0038485093550248576,0.006660027624993572,0.517986029937389,0.006428682909735288,93,0.09923391342163086,0.8721065521240234,0.940400230473663,0.8537006378173828,0.943185332935024,1.522614598274231
93,0.0009750886396928266,0.0063795176093321354,0.5208725755327254,0.006123798950919315,94,0.10190718173980713,0.8884811401367188,0.9457071472866403,0.8838176727294922,0.9483749455596336,1.5228400230407715
94,-0.00037488070401278407,0.006108116573717069,0.5237185661058836,0.005831421427835109,95,0.10220494270324708,0.8878421783447266,0.9509384230907385,0.8896350860595703,0.9534927263852019,1.523266315460205
95,-0.002058354291048917,0.005845606248202082,0.5265241410181891,0.0055510714037129896,96,0.10351155400276185,0.8951783180236816,0.956094356908447,0.9050226211547852,0.9585388831576951,1.5250507593154907
96,-0.0035558830608021126,0.0055917711817743245,0.5292894325284507,0.005282288696655126,97,0.10618756413459779,0.9148669242858887,0.9611752342591758,0.9318733215332031,0.9635136112988267,1.5249197483062744
97,-0.002224857156926935,0.005346398337445871,0.5320145655111657,0.0050246306122112,98,0.1052882492542267,0.9102296829223633,0.9661813267315624,0.920870304107666,0.9684170933090398,1.5250139236450195
98,0.0053510232405229044,0.005109276742153845,0.5346996572097024,0.004777670789745752,99,0.10917024612426758,0.9621024131774902,0.9711128916079176,0.9365105628967285,0.9732494982455454,1.5245636701583862
99,0.001545884392478249,0.004880197188879641,0.5373448170240337,0.004540998154182165,100,0.10906948447227478,0.9521269798278809,0.9759701715405681,0.9447336196899414,0.9780109812740997,1.5250972509384155
100,0.002610705115578391,0.004658951985244119,0.5399501463332672,0.0043142159623392054,101,0.10438948273658753,0.9139776229858398,0.9807533942817529,0.901491641998291,0.9827016832937641,1.5256226062774658
101,-0.0023285475644198327,0.004445334749212266,0.5425157383519987,0.004096940939585533,102,0.10793355107307434,0.9329843521118164,0.9854627724651622,0.9441208839416504,0.9873217306330148,1.5255982875823975
102,-0.00043918869712136007,0.004239140242863005,0.5450416780200498,0.0038888024940026624,103,0.10355432629585266,0.8994221687316895,0.990098503440219,0.9015226364135742,0.9918712348145072,1.5261602401733398
103,0.0016994259574196553,0.004040164245710175,0.5475280419249112,0.003689442005510585,104,0.10905248522758484,0.9523463249206543,0.9946607691575536,0.944218635559082,0.9963502923875779,1.5265156030654907
104,0.0006054423072121359,0.0038482034616641216,0.5499748982564188,0.0034985121809288215,105,0.10722390115261078,0.9338295459747314,0.9991497361060497,0.930933952331543,1.000758984826382,1.5271961688995361
105,-0.006020524285056374,0.003663055458648149,0.552382306791959,0.0033156764708741847,106,0.10743070244789124,0.9197831153869629,1.0035655552985716,0.9485769271850586,1.0050973784903698,1.5280823707580566
106,2.8165903958407313e-05,0.0034845186343995162,0.5547503189120693,0.003140608539711697,107,0.10904144942760469,0.948253870010376,1.0079083623074787,0.9481191635131836,1.0093655246455004,1.5278620719909668
107,0.0023315386338667436,0.0033123922132271915,0.5570789776451026,0.0029729917902890078,108,0.11153300404548645,0.9754276275634766,1.0121782773465118,0.9642767906188965,1.0135634595447705,1.5279237031936646
108,0.001863685521212491,0.003146476260170928,0.5593683177392834,0.0028125189288504427,109,0.11373817622661592,0.9934842586517334,1.0163754053988432,0.9845709800720215,1.0176912045621873,1.5289216041564941
109,0.00181358510797674,0.002986571720394936,0.56161836576175,0.0026588915751366545,110,0.10897777080535889,0.9519696235656738,1.0204998363889173,0.943295955657959,1.0217487663810825,1.528846263885498
110,0.002765991471030495,0.0028324804773523227,0.5638291402226487,0.0025118199099278256,111,0.11240510642528534,0.9840500354766846,1.024551645395915,0.9708213806152344,1.0257361372318987,1.530357003211975
111,0.0008170604705810547,0.002684005423239242,0.5660006517233154,0.002371022352594038,112,0.10989449620246888,0.9575581550598145,1.0285308929084416,0.9536504745483398,1.0296532951763415,1.5294007062911987
112,-0.0017709623683582652,0.002540950549554611,0.5681329031270244,0.002236225274099002,113,0.11766102612018586,1.018904447555542,1.0324376251160465,1.027374267578125,1.0335002044367692,1.5303024053573608
113,0.0006019527261907404,0.002403121044668797,0.5702258897506024,0.002107162732467019,114,0.11259991228580475,0.9805691242218018,1.03627187423721,0.9776902198791504,1.0372768157649805,1.5308610200881958
114,-0.0005628195675936612,0.0022703234061238397,0.5722795995760722,0.00198357623635298,115,0.11190890669822694,0.9717750549316406,1.040033658880669,0.9744668006896973,1.0409830668505027,1.5311590433120728
115,-0.00199005820534446,0.002142365557196513,0.5742940134802553,0.0018652145264105662,116,0.11643468141555786,1.0077166557312012,1.0437229844385048,1.0172343254089355,1.0446188827624234,1.5311402082443237
116,0.0029002157124606042,0.00201905697539075,0.5762691054808221,0.0017518333802261647,117,0.11597292572259904,1.0153955221176147,1.0473398435066403,1.0015249252319336,1.0481841764236217,1.5307445526123047
117,0.0037895603613419962,0.001900208821754532,0.5782048429980006,0.001643195430235332,118,0.11971385627985001,1.0500520467758179,1.0508842163336343,1.0319280624389648,1.0516788491136404,1.5317721366882324
118,0.0009241158312017267,0.0017856340745825905,0.5801011871293488,0.001539069997011893,119,0.11537301689386369,1.0054534673690796,1.0543560712923123,1.0010337829589844,1.0551027909962285,1.5330095291137695
119,0.0011573444713245738,0.001675147670690968,0.5819580929368928,0.001439232939959822,120,0.11849359154701233,1.033146619796753,1.057755365372297,1.027611494064331,1.0584558816709495,1.5331929922103882
120,0.0011571949178522283,0.0015685666391741363,0.5837755097447613,0.0013434665117732245,121,0.11620386183261872,1.0132355690002441,1.0610820446931932,1.0077011585235596,1.0617379907423024,1.5335427522659302
121,-0.0019296884536743164,0.0014657102419485632,0.5855533814459605,0.0012515592284965149,122,0.11900130689144135,1.030179500579834,1.064336045032975,1.0394084453582764,1.064948978406881,1.5338020324707031
122,0.0018244526603005148,0.001366400110815389,0.5872916468166375,0.0011633057458314646,123,0.11589328289031983,1.0121304988861084,1.0675172923707157,1.0034048557281494,1.0680886960534204,1.5343539714813232
123,0.0009318676861849698,0.0012704603794307981,0.5889902398366588,0.0010785067399360314,124,0.11893882095813751,1.0364789962768555,1.070625703441862,1.03202223777771,1.0711569868732607,1.533701777458191
124,0.004448119076815518,0.0011777178178867715,0.5906490900147384,0.0009969687989031509,125,0.12131192922592164,1.0655231475830078,1.0736611863012389,1.0442495346069336,1.074153686479628,1.5341951847076416
125,0.0030277598987926133,0.0010880019574889817,0.5922681227171477,0.0009185043140032537,126,0.11988643288612366,1.0497310161590576,1.0766236408946117,1.0352504253387451,1.0770786235313798,1.5348355770111084
126,0.0011437101797624066,0.0010011452120242002,0.5938472594983353,0.0008429313757836106,127,0.11804032176733018,1.0291725397109985,1.079512959634459,1.023702621459961,1.0799316203594873,1.534781575202942
127,-0.00021605491638183592,0.0009169829970134013,0.5953864184323735,0.0007700736759890168,128,0.12183997511863709,1.0589613914489746,1.082329027977667,1.0599946975708008,1.0827124935946,1.5356889963150024
128,-0.0015995990146290171,0.0008353538371277641,0.5968855144438294,0.0006997604067828571,129,0.1195835515856743,1.0360318422317505,1.085071725004654,1.0436820983886719,1.0854210547910894,1.536296010017395
129,-0.001274320212277499,0.0007560994692458883,0.5983444596371769,0.0006318261633872636,130,0.12018935531377793,1.0420775413513184,1.087740923996752,1.048172116279602,1.0880571110475274,1.536541223526001
130,-0.0018943439830433238,0.0006790649408774795,0.599763163623185,0.0005661108496832708,131,0.11954280138015748,1.0349726676940918,1.090336493009062,1.0440325736999512,1.0906204656207017,1.5366344451904297
131,0.000636723908511075,0.0006040986941796603,0.6011415338415242,0.0005024595784300464,132,0.12263950854539872,1.067953109741211,1.0928582954394428,1.0649079084396362,1.0931109185297363,1.5373905897140503
132,-0.0009986931627446955,0.0005310526496926939,0.6024794758787828,0.0004407225777565656,133,0.1193960252404213,1.0358381271362305,1.0953061905892147,1.0406144857406616,1.0955282671518134,1.5381288528442383
133,-0.0008118759502064097,0.0004597822734941938,0.6037768937801823,0.0003807550901763182,134,0.1197456407546997,1.0393249988555908,1.0976800342158735,1.0432078838348389,1.097872306802971,1.539052128791809
134,-0.00201279033314098,0.0003901466441034321,0.605033690354997,0.00032241727758627723,135,0.11987820744514466,1.0376060009002686,1.0999796790744092,1.0472323894500732,1.100142831307398,1.5392146110534668
135,0.0038555632938038218,0.00032200850213667765,0.6062497674744153,0.00026557411799740495,136,0.1227685245871544,1.0767722129821777,1.10220497544849,1.0583325624465942,1.1023396335493836,1.5385338068008423
136,0.001035607944835316,0.0002552342984018308,0.6074250263609366,0.00021009530688551024,137,0.12157209992408753,1.0596251487731934,1.1043557716665826,1.0546722412109375,1.1044625060095505,1.5395305156707764
137,0.002886357090689919,0.00018969422742449549,0.608559367869136,0.000155855152269502,138,0.12084297627210618,1.0577106475830078,1.106431914605422,1.043906331062317,1.106511241282345,1.5397772789001465
138,0.0005601774562488903,0.00012526225417780262,0.60965269275663,0.00010273246983519488,139,0.12545241057872772,1.0922300815582275,1.1084332501770902,1.0895509719848633,1.1084856325742918,1.5400619506835938
139,-0.0003645116632634943,6.181613385286295e-05,0.6107049019450761,5.061047782914584e-05,140,0.12432619690895082,1.0802257061004639,1.1103596237994235,1.0819690227508545,1.1103854741826713,1.5403637886047363
140,0.0010093613104386764,-7.625833805908686e-07,0.6117158967704819,-6.233149936243147e-07,141,0.11955147236585617,1.0419917106628418,1.1122108808501285,1.037164330482483,1.1122105619516236,1.5412876605987549
141,0.0002826062115755948,-6.258854903848214e-05,0.6126855792226036,-5.1077217341615834e-05,142,0.12451865851879121,1.083446741104126,1.1139868671013509,1.0820951461791992,1.1139606937081166,1.5406391620635986
142,0.0026791258291764693,-0.0001237726279573535,0.6136138521728122,-0.00010085547050429923,143,0.12465638667345047,1.0903751850128174,1.1156874291364132,1.0775619745254517,1.1156356696738128,1.5410265922546387
143,0.0010432600975036621,-0.0001844219145276996,0.614500619590558,-0.00015005836224082174,144,0.12094897478818895,1.054224967956543,1.1173124147467794,1.049235463142395,1.1172352928552496,1.5414001941680908
144,0.0008503361181779341,-0.00024463975966320425,0.6153457867473721,-0.0001987823445855282,145,0.1260979637503624,1.0985374450683594,1.118861673308606,1.0944706201553345,1.1187593694091105,1.5416312217712402
145,0.0007690787315368652,-0.00030452580397427825,0.6161492604094243,-0.00024712015200096117,146,0.12328088730573655,1.0738468170166016,1.1203350561397842,1.0701686143875122,1.1202077089853948,1.5420562028884888
146,0.0009140209718184037,-0.0003641760207963317,0.6169109490174063,-0.00029516092298305786,147,0.12320949733257294,1.0735726356506348,1.1217324168359961,1.0692012310028076,1.121580125045481,1.5428810119628906
147,0.002375158396634188,-0.0004236827657139404,0.6176307628541575,-0.00034299032252028413,148,0.12443632185459137,1.0877346992492676,1.1230536115858447,1.0763752460479736,1.1228764351565461,1.542673110961914
148,-0.0031119585037231445,-0.00048313483189878974,0.6183086142000843,-0.0003906906650023451,149,0.1281595677137375,1.1069893836975098,1.1242984994650047,1.1218726634979248,1.1240964612625743,1.5438435077667236
149,-0.0050421953201293945,-0.000542617516408193,0.618944417476318,-0.0004383410418881369,150,0.12195785939693451,1.048445701599121,1.1254669427103725,1.0725605487823486,1.1252400299307836,1.5446670055389404
150,-0.0002422766251997514,-0.0006022126891699183,0.6195380893753781,-0.0004860174475795814,151,0.12443501949310304,1.0814642906188965,1.1265588069720593,1.08262300491333,1.12630697257477,1.5441277027130127
151,-7.652152668346058e-05,-0.0006619988695088048,0.6200895489799283,-0.0005337929075907645,152,0.12711617052555085,1.1051750183105469,1.1275739615453122,1.1055409908294678,1.1272971256544269,1.5446009635925293
152,0.0006278753280639648,-0.0007220513103054326,0.6205987178697453,-0.0005817376092332689,153,0.12175578773021699,1.0602474212646484,1.1285122795826008,1.0572445392608643,1.1282103308528366,1.5450177192687988
153,0.002048384059559215,-0.0007824420855945661,0.621065520216469,-0.0006299190315953832,154,0.12411271929740907,1.084139347076416,1.1293736382842041,1.0743427276611328,1.1290464352302283,1.5451781749725342
154,0.000924240459095348,-0.000843240183049713,0.621489882867321,-0.0006784020761512759,155,0.12332732677459718,1.0746216773986816,1.1301579190697666,1.0702013969421387,1.129805291356855,1.5447102785110474
155,0.0012131279165094547,-0.0009045116042560621,0.6218717354172913,-0.0007272492005013735,156,0.12407371699810028,1.0818028450012207,1.1308650077305105,1.0760009288787842,1.1304867574232762,1.5454703569412231
156,0.0015693144364790483,-0.0009663194670494256,0.6222110102704315,-0.0007765205508050348,157,0.12416467666625977,1.0834455490112305,1.1314947945620766,1.0759401321411133,1.1310906973304014,1.5462044477462769
157,0.003911820324984464,-0.001028724110910461,0.6225076426906158,-0.0008262740938816901,158,0.12435865998268128,1.0907340049743652,1.1320471744788554,1.0720252990722656,1.1316169807597471,1.5461667776107788
158,0.0004107735373757102,-0.0010917832107023675,0.6227615708419938,-0.0008765657534038064,159,0.12504123449325563,1.0882973670959473,1.1325220471113173,1.0863327980041504,1.1320654832232055,1.5464657545089722
159,-0.002394351092251864,-0.0011555518877817547,0.6229727358193371,-0.0009274495415446145,160,0.12427256703376771,1.0749053955078125,1.1329193168844218,1.0863566398620605,1.1324360860949856,1.5468660593032837
160,0.0017343217676336114,-0.0012200828290268024,0.6231410816692837,-0.0009789776947330187,161,0.126986962556839,1.108381748199463,1.1332388930811303,1.1000871658325195,1.1327286766253557,1.5463404655456543
161,-0.00045962767167524856,0.0007032522258479594,0.6232697748172514,0.0005641635289018073,162,0.12641433477401734,1.0981559753417969,1.1330707287477797,1.1003541946411133,1.1333648160422254,1.5472607612609863
162,0.0006944266232577237,-0.0014757999780683948,0.6233490107196965,-0.0011837664481225195,163,0.1256730854511261,1.0944700241088867,1.1336704140312261,1.091148853302002,1.1330532613131246,1.5484412908554077
163,-0.004064364866776899,-0.0015390296575316716,0.6233847214758201,-0.0012344133749185424,164,0.1258746087551117,1.0848426818847656,1.133748563429884,1.104280948638916,1.1331049692094617,1.5481982231140137
164,-9.521571072665127e-05,-0.0016032033215115753,0.6233777828374216,-0.001285899563633651,165,0.1286567270755768,1.1185264587402344,1.133749365853446,1.1189818382263184,1.1330789353735415,1.5486409664154053
165,0.002674514597112482,0.0003201130399110585,0.6233313023094977,0.0002567759967208259,166,0.1272090494632721,1.1125612258911133,1.133262707836196,1.0997700691223145,1.13339657328925,1.5488338470458984
166,0.0009411898526278409,-0.0018586949447265836,0.6232356323188045,-0.0014911643932841762,167,0.12519285678863526,1.0908842086791992,1.1335443313408144,1.0863828659057617,1.1327670589093835,1.5491256713867188
167,0.0021909583698619495,-0.0019220867527553736,0.6230965350188653,-0.0015423655249115725,168,0.12705358862876892,1.1100530624389648,1.1333046818098766,1.0995745658874512,1.1325009000769062,1.5482964515686035
168,0.0015812787142666903,-0.001986609563473368,0.6229149377268275,-0.0015946060684411394,169,0.12526578903198243,1.0930490493774414,1.1329879960484126,1.0854864120483398,1.1321572320491418,1.5493113994598389
169,0.00011216510425914417,-0.002052314919053434,0.6226907756429289,-0.00164793918707706,170,0.1254822552204132,1.0914182662963867,1.1325941670156725,1.0908818244934082,1.1317359262313411,1.5489505529403687
170,0.003288182345303622,-0.00013407165876768053,0.6224271936166343,-0.00010770067537559488,171,0.12526578903198243,1.0971307754516602,1.1317138397407136,1.081404685974121,1.1316577734106836,1.5488947629928589
171,0.0010423877022483132,-0.0023111254403642045,0.6221144205728072,-0.0018574740481660371,172,0.12729980349540712,1.1094474792480469,1.1316003636335437,1.1044621467590332,1.1306338929948458,1.5487719774246216
172,-0.0008619265122847123,-0.0023767384431469716,0.6217583656279068,-0.0019113016248782618,173,0.12685946822166444,1.101064682006836,1.130966710088852,1.105186939239502,1.1299728012853543,1.5497465133666992
173,0.0007866512645374644,-0.0024437202947163806,0.6213598899441698,-0.001966426530295889,174,0.12440294027328491,1.0836458206176758,1.1302562141419312,1.0798835754394531,1.1292342947459588,1.549302101135254
174,0.0003170533613725142,-0.0005320330103077107,0.6209220803761013,-0.00042842169297213433,175,0.12416577339172363,1.080460548400879,1.1290604803132485,1.078944206237793,1.1288379937816653,1.5504705905914307
175,-0.0023440014232288704,-0.00270498111697278,0.6204353242836159,-0.0021799023414953637,176,0.12603157758712769,1.0903215408325195,1.1286298129310324,1.101531982421875,1.127498639009389,1.55104398727417
176,-0.0017637339505282314,-0.0027724382995939264,0.6199053905097104,-0.002236174842858366,177,0.12110673189163208,1.048884391784668,1.1276804016621158,1.0573196411132812,1.1265210183731944,1.5499486923217773
177,0.0008923357183283025,-0.0028414600687074547,0.6193331605617626,-0.002293963302363732,178,0.12464970350265503,1.0860443115234375,1.1266544153993887,1.0817766189575195,1.1254661684615659,1.5505647659301758
178,0.0026849833401766687,-0.002912099073004009,0.6187185638833971,-0.002353326590726136,179,0.12781704664230348,1.117873191833496,1.1255517368668955,1.105031967163086,1.124333949981821,1.5507413148880005
179,0.0005433776161887429,-0.0010137422241607633,0.6180647213821391,-0.0008200937230557503,180,0.1261560559272766,1.0983085632324219,1.12396600315985,1.0957098007202148,1.1235420745933828,1.5503069162368774
180,0.00013061003251509231,-0.00318020916606517,0.6173619145896956,-0.0025756384209131605,181,0.12745732069015503,1.1086368560791016,1.1231411611705329,1.1080121994018555,1.1218112555192692,1.551649570465088
181,-0.0015172199769453568,-0.003252087249336638,0.6166160803285512,-0.0026370377085340674,182,0.12220160663127899,1.0589945316314697,1.121800127931318,1.0662508010864258,1.1204401641725046,1.5508511066436768
182,0.00030209801413796163,-0.0033257839716929376,0.6158280013986928,-0.002700247375078242,183,0.12350033521652222,1.0746383666992188,1.1203826664644316,1.0731935501098633,1.1189918840762691,1.5517964363098145
183,-0.0007507584311745383,-0.0014406754030886085,0.6150007363356919,-0.0011712788775297416,184,0.12271233797073365,1.0652685165405273,1.118484389103722,1.0688591003417969,1.1178819248442484,1.5517514944076538
184,0.003294164484197443,-0.0035993600324476754,0.614124744179416,-0.002930471181298435,185,0.12423157691955566,1.0881519317626953,1.1173430374239044,1.072397232055664,1.1158378505012445,1.5515415668487549
185,-0.0007836601950905539,-0.0036749456537809476,0.6132058324026733,-0.002996493559344591,186,0.12026033401489258,1.043868064880371,1.1156880930051964,1.0476160049438477,1.1141512975499792,1.551526427268982
186,0.0011864575472745028,-0.0037525667477329855,0.6122447805344676,-0.0030645871711607346,187,0.12085092067718506,1.0537147521972656,1.1139569558371945,1.0480403900146484,1.1123877006517786,1.552016258239746
187,0.0016759959134188564,-0.003832280496692902,0.6112415158140441,-0.0031348230152201746,188,0.1219100832939148,1.0640954971313477,1.112149505583934,1.0560798645019531,1.110546915558044,1.5521576404571533
188,0.0004008033058860085,-0.001969005400719213,0.6101991206670582,-0.0016134107912710036,189,0.124228835105896,1.0812091827392578,1.1098646477966196,1.0792922973632812,1.109041245538137,1.551628589630127
189,-0.0022442991083318534,-0.0041167765523828686,0.6091079875483251,-0.003379335820129061,190,0.12310715913772584,1.0651302337646484,1.1083298488215436,1.0758638381958008,1.10660828771782,1.550937533378601
190,0.0010079904036088424,-0.004199268253435831,0.6079740887494535,-0.0034534790519152765,191,0.11989046335220338,1.044936180114746,1.1062854629065428,1.0401153564453125,1.1045294052732877,1.5524910688400269
191,-0.002202424136075106,-0.004284084702722961,0.606798082458898,-0.003530059694840497,192,0.1217011570930481,1.053004264831543,1.1041650039994748,1.06353759765625,1.102373477669245,1.5521053075790405
192,0.0019760998812588778,-0.002441025084966754,0.6055829807781916,-0.0020154312929261775,193,0.12151882648468018,1.061410903930664,1.1015703612053867,1.0519599914550781,1.100549568897128,1.5532525777816772
193,-0.0023340311917391687,-0.004577661463853654,0.6043193842049981,-0.003787434008531652,194,0.12257140874862671,1.0602569580078125,1.0997196641333475,1.0714197158813477,1.0978053693393726,1.5528265237808228
194,-0.003731857646595348,-0.0046660375559444585,0.6030131329440189,-0.003868915965337108,195,0.12548540830612184,1.0822534561157227,1.0973631404780955,1.1001014709472656,1.0954118884092459,1.553665280342102
195,0.0001473101702603427,-0.004756994860562332,0.6016648647103917,-0.00395317257118782,196,0.11979210078716279,1.042022705078125,1.0949307620351934,1.0413181781768799,1.092941473275322,1.554280161857605
196,-0.0030279593034224076,-0.004850600323357751,0.6002745081388728,-0.004040296450903964,197,0.1229514241218567,1.0619020462036133,1.0924224130473799,1.0763835906982422,1.090393980184885,1.553331732749939
197,-0.002012989737770774,-0.003038306512036253,0.5988450842728517,-0.0025367996451021286,198,0.11908875703811646,1.030740737915039,1.089444526403156,1.0403680801391602,1.088173961861759,1.5539990663528442
198,-0.00016550584272904828,-0.005160101884117051,0.5973671806448039,-0.004319010121425246,199,0.12291660308837891,1.0684442520141602,1.0872010770208678,1.0692358016967773,1.0850432162329642,1.5539517402648926
199,0.002118674191561612,-0.005258357476139053,0.5958467809843523,-0.0044124794470752305,200,0.11671708822250366,1.0199975967407227,1.0844572583529242,1.0098648071289062,1.0822583088629023,1.5528534650802612
200,0.0049571990966796875,-0.005359547364892357,0.5942843876249415,-0.004509214065858568,201,0.11638834476470948,1.0239267349243164,1.0816377010398257,1.000218391418457,1.0793964357781434,1.5534656047821045
201,-0.0004606246948242187,-0.005463746377220393,0.5926799336057631,-0.004609323998801838,202,0.11994173526763917,1.0418701171875,1.0787422989802606,1.0440731048583984,1.0764574595861505,1.5542420148849487
202,-0.0005234371532093395,-0.003687451971814074,0.5910364266645439,-0.0031194693291932175,203,0.11903282403945924,1.0338163375854492,1.075382697529641,1.0363197326660156,1.0738406721596097,1.553435206413269
203,0.0002731843428178267,-0.005792536109321028,0.5893445124728051,-0.004914349209282345,204,0.11864047050476074,1.0323095321655273,1.0727466438643218,1.0310029983520508,1.070324310582242,1.5533115863800049
204,0.0002507513219659979,-0.005902622810460802,0.5876102612698969,-0.005022523913156605,205,0.11732481122016908,1.020815372467041,1.0696164779874542,1.0196161270141602,1.0671481084485344,1.5538697242736816
205,0.0009491660378196023,-0.006016046631024403,0.5858340485987065,-0.005134554552611518,206,0.11764848232269287,1.0253000259399414,1.066410716293226,1.0207605361938477,1.0638949149747974,1.5541319847106934
206,-0.001831531524658203,-0.004271781740914034,0.5840187872281659,-0.0036572134227440254,207,0.11917978525161743,1.031966209411621,1.0627455311424927,1.0407257080078125,1.0609591496872015,1.5543133020401
207,-0.0030209801413796163,-0.0063616450166464,0.5821554151413942,-0.005463817346446557,208,0.11229920387268066,0.9692907333374023,1.0597945533060154,0.983738899230957,1.057134229026327,1.553782343864441
208,0.0006744861602783203,-0.006482099091485327,0.5802498218775101,-0.005585552495307111,209,0.11760913729667664,1.0243010520935059,1.0563550241327833,1.0210752487182617,1.0536443281490713,1.5549919605255127
209,-0.0027831901203502307,-0.006606267506639803,0.5783023555411827,-0.0057117142986980495,210,0.11603094935417176,1.0023093223571777,1.0528401387353568,1.015620231628418,1.0500775177780346,1.554548740386963
210,-0.0011131763458251953,-0.006734249430789028,0.5763129552898679,-0.005842461761189042,211,0.11494217514991761,0.9968352317810059,1.0492498072261975,1.0021591186523438,1.0464336665551401,1.5555356740951538
211,-0.003857482563365589,-0.00503615946467304,0.5742845049115878,-0.004384697085866886,212,0.11479836702346802,0.9890222549438477,1.045206660454591,1.0074710845947266,1.0431006301330006,1.5558464527130127
212,-0.0010693073272705078,-0.0071068149534668406,0.5722080555593104,-0.0062099122258019905,213,0.1151379406452179,0.9986424446105957,1.041864253234471,1.0037565231323242,1.0388923124357485,1.556265950202942
213,0.002152572978626598,-0.007243477790296163,0.5700895536005447,-0.006352844301979817,214,0.11517893075942993,1.0067033767700195,1.038041006448052,0.9964084625244141,1.0350119157357465,1.555129885673523
214,-0.003334543921730735,-0.007384400857276461,0.5679292145359227,-0.006501071468695067,215,0.11203694939613343,0.9662604331970215,1.0341425829718354,0.982208251953125,1.0310545607951562,1.5556093454360962
215,-0.003283695741133256,-0.007529702545021655,0.5657269843434211,-0.006654792504994689,216,0.11575950980186463,0.9987521171569824,1.0301689093383608,1.0144567489624023,1.0270201246377155,1.5560022592544556
216,-0.0012861598621715198,-0.005884018755547461,0.5634856967597471,-0.005221042277182493,217,0.11310255527496338,0.9804248809814453,1.025749743484791,0.9865760803222656,1.0232891538233801,1.5557126998901367
217,0.0009471719915216619,-0.007934728724454974,0.5611965833312658,-0.007069355710853454,218,0.11082218885421753,0.9659361839294434,1.0220165038810511,0.9614062309265137,1.0186983445962787,1.5559961795806885
218,-0.002909812060269442,-0.008090674422863854,0.5588655900293436,-0.00723835325204651,219,0.11224587559700012,0.969092845916748,1.0178109410690417,0.9830093383789062,1.014427568128571,1.556297779083252
219,-0.001100713556463068,-0.008251537984598307,0.5564928119611456,-0.007413740688781363,220,0.1139190673828125,0.9879684448242188,1.013530434235226,0.9932327270507812,1.0100797910780306,1.5571081638336182
220,-0.0043086355382745915,-0.008417463617134415,0.5540782026016965,-0.007595770500523811,221,0.1097472608089447,0.9440207481384277,1.0091749289412124,0.9646272659301758,1.00565489870132,1.5569713115692139
221,0.0022308392958207564,-0.0068309843870832405,0.5516245262525866,-0.00619161836591872,222,0.11237254738807678,0.9824872016906738,1.004381980831093,0.9718179702758789,1.0015253873601309,1.5578171014785767
222,-0.0016371120106090198,-0.008861646913285871,0.5491232571003226,-0.008068730004715172,223,0.11210618019104004,0.970921516418457,1.0002588118097282,0.9787511825561523,0.9965530321914448,1.5572608709335327
223,0.00018594481728293678,-0.009040588898317345,0.5465802871034706,-0.008269949547366453,224,0.11185352206230165,0.9730839729309082,0.9956726451395947,0.9721946716308594,0.9918920352366619,1.5568110942840576
224,-0.004176779226823286,-0.00922525445775098,0.5439956035211689,-0.008478959499546182,225,0.10841892063617707,0.9327852725982666,0.9910118323342005,0.952761173248291,0.9871539986518681,1.5580859184265137
225,0.0013537081805142489,-0.009415822194088487,0.5413691681242424,-0.00869608522227658,226,0.10842303335666657,0.9460461139678955,0.9862763412301137,0.9395718574523926,0.9823388155853131,1.5569164752960205
226,-0.002603227441961115,-0.009612477855281508,0.5387009476552032,-0.00892166874492217,227,0.10925058126449586,0.9437799453735352,0.9814661501973827,0.9562301635742188,0.9774463867306287,1.5586801767349243
227,-0.0014873092824762516,-0.00810767855075827,0.5359936554351851,-0.007563078294991606,228,0.10819724500179291,0.9372889995574951,0.9762291608518586,0.9444022178649902,0.9728386770942687,1.5579439401626587
228,-0.0007350553165782582,-0.010115921522022347,0.5332389738592248,-0.009485070157306572,229,0.10747546255588532,0.9328114986419678,0.9716405542441041,0.9363269805908203,0.9674102597894404,1.558680534362793
229,0.0015189647674560547,-0.010329140866136493,0.5304428327018629,-0.009736029841414138,230,0.10816797614097595,0.9442234039306641,0.9666012434572155,0.9369587898254395,0.9622817845495584,1.5590006113052368
230,-0.00037762251767245204,-0.01054930604335123,0.5276050530227956,-0.009997018173645017,231,0.10402530133724214,0.9036648273468018,0.9614876785777834,0.9054708480834961,0.9570761505960186,1.5595237016677856
231,-0.0019681236960671163,-0.01077665170505751,0.5247256104762489,-0.010268483868076557,232,0.11048330068588258,0.9560179710388184,0.9562998644042372,0.965430736541748,0.951793264600304,1.559535026550293
232,-0.0044736428694291544,-0.0110114232214553,0.5218044855850912,-0.010550900691606569,233,0.10323723554611207,0.8870172500610352,0.9510378168282881,0.9084129333496094,0.9464330398447705,1.5595626831054688
233,-0.0021550655364990234,-0.01125387747423576,0.5188416636331457,-0.010844769294487374,234,0.10658594965934753,0.9216809272766113,0.9457015628048778,0.9319877624511719,0.9409953958611063,1.5600945949554443
234,-0.001175116408954967,-0.009860835151761853,0.5158397832055259,-0.009557749524798579,235,0.10333905965089799,0.8957904577255249,0.9399523259054153,0.9014105796813965,0.9358287039328606,1.5608652830123901
235,-0.002005138180472634,-0.011847216476328547,0.5127908288026954,-0.011551190935450484,236,0.10278014093637466,0.888945460319519,0.9348241067226785,0.8985352516174316,0.9298698161962139,1.559729814529419
236,0.0032564022324301977,-0.012111730785899829,0.5097007280685836,-0.011880658841980482,237,0.10289947837591172,0.9025651216506958,0.9292610492890219,0.886991024017334,0.9241961436876455,1.5598821640014648
237,-0.002090134403922341,-0.012385120187326131,0.506569122361282,-0.012223902679091236,238,0.10116048306226731,0.8746582269668579,0.9236243839687719,0.8846545219421387,0.9184451518904354,1.560443639755249
238,-0.001003753055225719,-0.012667715668543406,0.503396006869685,-0.012581592891442249,239,0.09972942769527436,0.8648121356964111,0.9179141712210317,0.8696126937866211,0.9126167628505499,1.5609850883483887
239,-0.0021154961802742696,-0.012959865156025758,0.5001813816073386,-0.012954440789116697,240,0.10045941844582558,0.8685013651847839,0.9121304838186937,0.8786189556121826,0.9067109038443556,1.561579942703247
240,-0.0016452128236944025,-0.013261934695817237,0.49692525134883375,-0.013343201612628723,241,0.09975084811449052,0.8634644746780396,0.9062734069797321,0.8713328838348389,0.9007275070160268,1.5610913038253784
241,0.0014005059545690363,-0.01357430971077105,0.49362762557535456,-0.013748677846353493,242,0.09751813784241677,0.8513328433036804,0.9003430385310784,0.8446347713470459,0.8946665090156652,1.560961127281189
242,-0.001922983472997492,-0.013897396347235177,0.49028851843072085,-0.014171722810707063,243,0.0970432797074318,0.8392561674118042,0.8943394891102779,0.8484530448913574,0.8885278506377978,1.5622472763061523
243,-0.002951250834898515,-0.012680420265517927,0.4869104304960858,-0.01302057100284205,244,0.10063893869519235,0.8680638670921326,0.8879430524120369,0.882178544998169,0.8826403312100931,1.561523199081421
244,-0.0006168332966891202,-0.014652451814924595,0.48348588441589796,-0.015151766562489835,245,0.09442897409200669,0.8196464776992798,0.882128938862935,0.822596549987793,0.8760015499221483,1.5621153116226196
245,-0.002974095127799294,-0.015008000741578736,0.4800206673504197,-0.015631387760290737,246,0.0975552448630333,0.8411945104598999,0.8759028862467295,0.8554184436798096,0.869626813209342,1.561747431755066
246,-0.002156610922379927,-0.015376155816705797,0.476514242166796,-0.016132594261836167,247,0.09753315269947052,0.8429572582244873,0.8696045456103948,0.853271484375,0.8631745168143178,1.5616759061813354
247,0.002036943218924782,-0.01575745259164048,0.47296663557854435,-0.01665656108152625,248,0.09725995153188706,0.8506096601486206,0.8632340775028781,0.8408677577972412,0.8566445973281921,1.5623112916946411
248,-0.0006002702496268532,-0.016152457305178496,0.46937787942744774,-0.01720454274951992,249,0.09896670654416084,0.8591446280479431,0.856791658213715,0.8620154857635498,0.8500369942497312,1.5624415874481201
249,-0.003465839407660744,-0.016561769059201238,0.46574801071557254,-0.01777787971442172,250,0.09390171989798546,0.8082488179206848,0.8502774802861466,0.8248245716094971,0.8433516495886625,1.5624302625656128
250,-0.00025124983354048294,-0.016986022157543457,0.46207707165219314,-0.01837800532349128,251,0.09552924335002899,0.8300882577896118,0.8436917530914738,0.8312898874282837,0.8365885074619557,1.5624219179153442
251,-0.0020553009076551957,-0.017425888630665128,0.4583651097179151,-0.01900645344809138,252,0.09385833069682122,0.811244547367096,0.8370347034735302,0.8210742473602295,0.8297475136825248,1.5634664297103882
252,-0.0012698336081071332,-0.017882080953184096,0.454612177746021,-0.01966486681078902,253,0.08920288532972336,0.7726407051086426,0.8303065764647948,0.7787138223648071,0.8228286153389177,1.5636825561523438
253,-0.0031813762404701925,-0.01835535497659088,0.45081833402276417,-0.02035500609250595,254,0.09315452426671982,0.8024317026138306,0.8235076360819492,0.8176469802856445,0.8158317603644658,1.5644882917404175
254,-0.0063838145949623795,-0.018846513102323905,0.4469836424066776,-0.021078759908182632,255,0.0897079274058342,0.7648032903671265,0.8166381662062633,0.7953345775604248,0.808756897090746,1.563138484954834
255,0.00022358244115656072,-0.019356407713285916,0.4431081724706117,-0.021838155739006725,256,0.08873742818832397,0.7721644639968872,0.8096984715593446,0.7710951566696167,0.8016039737883341,1.5643984079360962
256,-0.0029889507727189494,-0.019885944895381365,0.4391919996646988,-0.022635371932880458,257,0.08800012022256852,0.7580709457397461,0.8026888787775776,0.772365927696228,0.7943729381849635,1.564320683479309
257,3.782456571405584e-05,-0.020436088454027154,0.43523520550452854,-0.023472750863941315,258,0.08899983689188957,0.7740020751953125,0.7956097375940757,0.7738211750984192,0.7870637369678462,1.5637860298156738
258,-0.0015967948870225384,-0.021007864312526017,0.43123787778533657,-0.02435281344586247,259,0.08588739857077599,0.7430285215377808,0.7884614221477764,0.7506653666496277,0.7796763152534474,1.564656138420105
259,-0.0014307282187721944,-0.02160236524972916,0.42720011082286624,-0.025278275059136594,260,0.0831830620765686,0.71990966796875,0.7812443324119729,0.7267522811889648,0.7722106160348133,1.5639939308166504
260,-0.0031666701490228825,-0.022220756080095272,0.42312200572575986,-0.026252063131559308,261,0.08559246510267259,0.7367098331451416,0.7739588957726742,0.7518547773361206,0.7646665795937252,1.5651636123657227
261,-0.002426779270172119,-0.02286427929759884,0.4190036706989389,-0.02727733653536237,262,0.0852257201075554,0.7352900505065918,0.7666055687602958,0.7468963861465454,0.7570441428722091,1.5643043518066406
262,-0.004236525839025324,-0.023534261206453327,0.4148452213822852,-0.028357506982035523,263,0.08303093940019608,0.7118773460388184,0.7591848389473224,0.732138991355896,0.7493432388064418,1.5655465126037598
263,-0.0037541660395535555,-0.02423211864791605,0.4106467812273175,-0.02949626271885205,264,0.08243053704500199,0.7078099250793457,0.751697227039687,0.7257646322250366,0.7415637956051039,1.5664955377578735
264,-0.002224695140665228,-0.024959366312639068,0.40640848191436757,-0.030697594712423,265,0.08169009998440743,0.705028772354126,0.74414328916422,0.7156686186790466,0.7337057359789346,1.5659656524658203
265,-0.0007557933980768377,-0.025717624775603447,0.40213046381408685,-0.03196582570724609,266,0.07967355430126191,0.6910061836242676,0.736523619387784,0.6946208477020264,0.7257689762998044,1.5661951303482056
266,0.0014912350611253216,-0.026508629273773746,0.3978128764979738,-0.03330564243756819,267,0.08114433512091637,0.7091689109802246,0.7288388524808322,0.7020369172096252,0.7177534256936179,1.5654993057250977
267,0.0028999415310946375,-0.02733423933284273,0.39345587930104564,-0.034722131409101374,268,0.07844326138496399,0.6890499591827393,0.7210896669533137,0.6751806735992432,0.7096589850504885,1.5667307376861572
268,-0.0043950026685541325,-0.028196449350413273,0.38905964194280035,-0.03622081870963551,269,0.07513121217489242,0.6428050994873047,0.7132767883965415,0.6638246774673462,0.7014855459409142,1.5668190717697144
269,-0.001031981273130937,-0.029097400199557106,0.3846243452106696,-0.037807714297668236,270,0.07599280998110772,0.658339262008667,0.705400993152034,0.6632748246192932,0.6932329894322191,1.5658562183380127
270,-0.0007761825214732777,-0.030039392022936602,0.38015018171389,-0.039489361403554475,271,0.07849291563034058,0.6806910037994385,0.697463112357323,0.6844031810760498,0.684901184784095,1.567762851715088
271,-0.003390127962285822,-0.03102489830213504,0.37563735671273357,-0.0412728916285923,272,0.07335180938243867,0.629734992980957,0.6894640363954164,0.6459486484527588,0.6764899880145236,1.5677449703216553
272,-0.004790322347120805,-0.03205658139364054,0.3710860890323336,-0.04316608653119222,273,0.07411646693944932,0.6330358982086182,0.6814047198047313,0.6559461355209351,0.6679992403128453,1.568102478981018
273,-0.006275388327511873,-0.03313730966176806,0.36649661206946915,-0.04517744648693768,274,0.07348886579275131,0.6240272521972656,0.67328618669195,0.6540399789810181,0.6594287662879378,1.5681592226028442
274,-0.005024996670809659,-0.03427017643734522,0.3618691749012975,-0.04731626782628513,275,0.07122052907943725,0.607292652130127,0.6651095367119858,0.6313252449035645,0.650778372020005,1.5693975687026978
275,-0.005620718002319336,-0.03545852099109009,0.357204043508805,-0.049592729300549455,276,0.07303492426872253,0.621645450592041,0.6568759516777825,0.6485271453857422,0.6420478428996902,1.5701801776885986
276,-0.0034111900763078165,-0.036705951770311766,0.35250150212541415,-0.052017989119066944,277,0.07189676314592362,0.6170320510864258,0.6485867028709091,0.633346438407898,0.6332369412215059,1.570557713508606
277,-0.0032576485113664103,-0.03801637220242387,0.34776185472695503,-0.05460429400462165,278,0.06952756196260453,0.5967974662780762,0.6402431591458796,0.6123775243759155,0.6243454034975932,1.5705370903015137
278,-0.0029594139619307084,-0.03939400933858729,0.3429854266772366,-0.057365101816409025,279,0.06725675761699677,0.5777645111083984,0.6318467959112256,0.5919182300567627,0.6153729374605437,1.5707614421844482
279,-0.000845226374539462,-0.04084344572178381,0.3381725665487888,-0.06031521960524504,280,0.06595453321933746,0.5714964866638184,0.6233992051032616,0.5755388736724854,0.6063192187105158,1.570850133895874
280,-0.0008031021464954722,-0.04236965490037763,0.3333236481380907,-0.06347095920177959,281,0.06728753447532654,0.583188533782959,0.6149021062756983,0.5870294570922852,0.5971838869537223,1.570817470550537
281,-0.0017572533000599253,-0.04397804100228898,0.32843907270035533,-0.06685031262644063,282,0.06390824913978577,0.5515217781066895,0.6063573589374882,0.5599260330200195,0.5879665417910764,1.572141170501709
282,-0.006470680236816406,-0.045674482956990156,0.32351927142864867,-0.07047315007917791,283,0.065277099609375,0.5521535873413086,0.5977669763067318,0.5831003189086914,0.5786667379792632,1.5723973512649536
283,-0.0056753050197254525,-0.04746538391969241,0.3185647082099806,-0.07436144345258844,284,0.06330744922161102,0.5369281768798828,0.5891331406559004,0.5640709400177002,0.5692839801076655,1.571760892868042
284,-0.0028230710463090372,-0.0493577266142402,0.3135758826909839,-0.07853951879839496,285,0.06015498042106629,0.5163359642028809,0.5804582204574937,0.5298376083374023,0.5598177166006295,1.57234787940979
285,-0.005861000581221147,-0.05135913537710875,0.3085533336958737,-0.08303434152563752,286,0.06284250617027283,0.5324411392211914,0.5717447895713476,0.5604720115661621,0.5502673329591021,1.5727546215057373
286,-0.0021578073501586914,-0.05347794578005224,0.30349764303978366,-0.08787583848985772,287,0.06073864400386811,0.5230021476745605,0.5629956487354357,0.5333220958709717,0.5406321441365048,1.573157548904419
287,-0.002454421736977317,-0.05572328290008527,0.29840943979222667,-0.0930972616329714,288,0.05842277109622956,0.5021548271179199,0.5542138496831572,0.5138933658599854,0.5309113859249397,1.572574257850647
288,-0.004456444220109419,-0.05810514935773386,0.2932894050507906,-0.09873559804763639,289,0.060304203629493715,0.5137276649475098,0.5454027222307818,0.535041093826294,0.5211042052266385,1.5734444856643677
289,-0.004538947885686701,-0.060634524520722786,0.28813827729460323,-0.10483203179512164,290,0.05466696619987488,0.4645109176635742,0.5365659047536115,0.4862189292907715,0.5112096490449456,1.5732759237289429
290,-0.004092530770735307,-0.06332347637031009,0.2829568584001034,-0.11143246278187229,291,0.05722843706607819,0.4878520965576172,0.52770737851398,0.50742506980896,0.5012266520318504,1.5738447904586792
291,-0.0037767236882990055,-0.06618528778559933,0.27774602041098423,-0.11858808792575488,292,0.05345193147659302,0.4557681083679199,0.5188315063751421,0.4738306999206543,0.49115402239207323,1.5740784406661987
292,-0.0046062469482421875,-0.06923459928814416,0.27250671317313613,-0.12635604935545713,293,0.05480529069900513,0.46555280685424805,0.5099430765295867,0.4875826835632324,0.4809904259181809,1.57416570186615
293,-0.004744085398587314,-0.07248757044156151,0.26723997295995583,-0.13480015295930783,294,0.049751374125480655,0.4212760925292969,0.5010473519286097,0.44396519660949707,0.470734367925775,1.574623465538025
294,-0.0023616985841230912,-0.07596206257576663,0.2619469322359558,-0.1439916587011805,295,0.051774421334266664,0.4445648193359375,0.49215012624030713,0.455859899520874,0.460384172799532,1.5746773481369019
295,-0.007601553743535822,-0.07967784567467896,0.256628830730584,-0.15401014018600165,296,0.04806159436702728,0.3997492790222168,0.48325778724213103,0.43610453605651855,0.44993796086908344,1.5756388902664185
296,-0.00457907806743275,-0.08365683278377505,0.25128702802320896,-0.16494440549821374,297,0.04782566130161286,0.4049253463745117,0.47437738871516916,0.42682528495788574,0.4393936222783178,1.5755736827850342
297,-0.003452940420670943,-0.08792334552782599,0.24592301787431248,-0.17689346233045367,298,0.04901656806468964,0.41797399520874023,0.4655167320182045,0.43448805809020996,0.42874878752474993,1.5759755373001099
298,-0.004665819081393155,-0.09250441483453475,0.2405384445788161,-0.18996749769091986,299,0.04736503660678864,0.4007124900817871,0.4566844586996137,0.42302727699279785,0.41800079431426285,1.5772099494934082
299,-0.008538506247780539,-0.09743012130114173,0.2351351216642799,-0.20428882367306792,300,0.044672369956970215,0.36803722381591797,0.4478901556616567,0.4088735580444336,0.4071466503902702,1.577454686164856
300,-0.008927345275878906,-0.1027339798517612,0.22971505331439387,-0.2199927139388082,301,0.04510502815246582,0.37086963653564453,0.43914447454062977,0.41356563568115234,0.39618299205716606,1.5784647464752197
301,-0.01007093082774769,-0.10845337371303583,0.22428045896352788,-0.23722801895340856,302,0.04360799789428711,0.3551173210144043,0.4304592671645945,0.40328264236450195,0.385106038157325,1.5781807899475098
302,-0.006949251348322087,-0.11463004254239782,0.21883380158709828,-0.2561573975351188,303,0.04146609306335449,0.34395694732666016,0.4218477390535891,0.37719249725341797,0.37391153944495004,1.5789381265640259
303,-0.0087503736669367,-0.12131062926344831,0.21337782030453076,-0.27695693652358716,304,0.0416584312915802,0.3413224220275879,0.41332462303604967,0.38317203521728516,0.3625947235258803,1.579846739768982
304,-0.008921363136985085,-0.1285472892875272,0.20791556801845784,-0.29981484714140694,305,0.04019142389297486,0.3281569480895996,0.40490637506640625,0.37082433700561523,0.351150235909804,1.579350471496582
305,-0.009371020577170631,-0.13639836391429797,0.2024504549396365,-0.3249288268627061,306,0.03803443908691406,0.30832529067993164,0.3966113941632377,0.35314321517944336,0.33957207834453135,1.5810720920562744
306,-0.011893987655639648,-0.14492911679751214,0.1969862989888501,-0.3525015672877803,307,0.0395486056804657,0.3154587745666504,0.38846026803738903,0.3723430633544922,0.3278535464675203,1.5819381475448608
307,-0.012482729825106533,-0.15421252728427778,0.19152738423206847,-0.3827337880755452,308,0.03643321990966797,0.2869606018066406,0.3804760452177462,0.3466606140136719,0.31598717017159367,1.5820014476776123
308,-0.012192596088756214,-0.16433012671923306,0.18607852868423505,-0.41581411960642556,309,0.035585451126098636,0.28028249740600586,0.37268453319444883,0.338594913482666,0.3039646620209513,1.5837938785552979
309,-0.016916990280151367,-0.17537285194973776,0.18064516301402894,-0.4519051998096997,310,0.03317717909812928,0.24804353713989258,0.36511461997863415,0.3289508819580078,0.29177688189056195,1.5842434167861938
310,-0.01924852891401811,-0.18744187255198425,0.175233421884543,-0.4911255776511502,311,0.03120485544204712,0.22531747817993164,0.3577986131418567,0.31737565994262695,0.27941383007466325,1.586896300315857
311,-0.022497827356511894,-0.20064932230076288,0.16985024985629693,-0.5335275298328838,312,0.03127340078353882,0.21814346313476562,0.3507725853106994,0.3257417678833008,0.2668646868940167,1.5862972736358643
312,-0.016106908971613102,-0.21511882800054707,0.1645035239377439,-0.5790717891969996,313,0.0296170711517334,0.2190232276916504,0.3440767075596487,0.29605627059936523,0.25411792494123814,1.5887607336044312
313,-0.017342719164761627,-0.23098567530522995,0.15920219494020516,-0.6276014660523038,314,0.030537909269332888,0.2240753173828125,0.33775554109146655,0.3070187568664551,0.24116153141837035,1.5896313190460205
314,-0.019353714856234463,-0.24839637688278468,0.15395644971861272,-0.6788189594671921,315,0.028044503927230836,0.1975846290588379,0.33185824192751445,0.2901458740234375,0.22798339341289542,1.5901700258255005
315,-0.019245039332996716,-0.2675073064930665,0.1487778960354557,-0.7322709821279116,316,0.02671061158180237,0.18624544143676758,0.32643861142210606,0.2782869338989258,0.2145719196159146,1.5916541814804077
316,-0.020990826866843483,-0.28848192742281653,0.1436797710166392,-0.7873472831252417,317,0.02884100079536438,0.20059585571289062,0.3215548957641147,0.30098676681518555,0.200916998841846,1.5938527584075928
317,-0.02513545209711248,-0.3114859706925696,0.1386771727382713,-0.8432975217317014,318,0.02159164547920227,0.12764692306518555,0.31726919885075777,0.24785995483398438,0.18701142928841052,1.595016598701477
318,-0.02451281114058061,-0.3366797095301213,0.13378731206292216,-0.8992676795055952,319,0.026247382164001465,0.16962051391601562,0.31364632483433835,0.28685569763183594,0.17285299175810584,1.5968170166015625
319,-0.02685581554066051,-0.36420624610823366,0.12902977801774704,-0.9543528959106885,320,0.023544228076934817,0.14051198959350586,0.31075181149126163,0.2689528465270996,0.15844738130054575,1.598501443862915
320,-0.03130702538923784,-0.39417451600289816,0.12442680427194068,-1.007659113472282,321,0.022170990705490112,0.11792659759521484,0.3086488611132254,0.2676558494567871,0.14381224533019524,1.6017632484436035
321,-0.03521834720264781,-0.42663561045104476,0.12000351611522089,-1.0583632417946012,322,0.018141895532608032,0.07353782653808594,0.30739383875834736,0.2419734001159668,0.12898258347881952,1.6024566888809204
322,-0.033133571798151185,-0.4615511713597912,0.11578812643993283,-1.1057618960590718,323,0.019785338640213014,0.09281396865844727,0.307030020266016,0.2512788772583008,0.11401771224283061,1.605477213859558
323,-0.03656283291903409,-0.49875327695703314,0.11181203576094295,-1.1493019672474813,324,0.01551811695098877,0.047507286071777344,0.30757938656545775,0.22237300872802734,0.0990098343834257,1.608117699623108
324,-0.039736856113780625,-0.5378967465354292,0.10810977654040044,-1.1885909111402744,325,0.019926542043685914,0.07825136184692383,0.3090325498035905,0.2682971954345703,0.08409391034332013,1.6111708879470825
325,-0.04309183901006525,-0.5784075201667707,0.1047187290931712,-1.2233888950759129,326,0.01885339617729187,0.060896873474121094,0.31133744347699965,0.26698827743530273,0.06945793504362287,1.6143124103546143
326,-0.04679528149691495,-0.6194349153793454,0.10167853070834319,-1.253587577804884,327,0.015449023246765137,0.022437572479248047,0.3143882654126689,0.24624109268188477,0.05535184625403358,1.6159732341766357
327,-0.04384459148753773,-0.6598207814694114,0.09903010937352949,-1.2791810532446852,328,0.018883281946182252,0.059356689453125,0.31801727135002145,0.26904821395874023,0.042092217280994874,1.619700312614441
328,-0.052718097513372246,-0.6981034373924186,0.09681430745437528,-1.3002338503626871,329,0.013314932584762573,-0.01028299331665039,0.321993095917279,0.24184703826904297,0.030058931189540224,1.6230347156524658
329,-0.054790410128506745,-0.7325759101158473,0.09507012413712677,-1.3168496021578744,330,0.020740175247192384,0.04932880401611328,0.3260297341826349,0.3113698959350586,0.019679808134189687,1.626571774482727
330,-0.06007064472545277,-0.7614124872200638,0.0938326936456311,-1.3291427023100562,331,0.015988337993621825,-0.004618167877197266,0.3298093266835245,0.28267621994018555,0.011400468391497729,1.631478190422058
331,-0.06349392370744185,-0.7828620392725776,0.09313120922240986,-1.3372142962416618,332,0.012953561544418336,-0.03919363021850586,0.33301880679773865,0.26447296142578125,0.005640135829206254,1.6353386640548706
332,-0.06511259078979492,-0.7954824262096332,0.0929870674637204,-1.3411333779435717,333,0.015099167823791504,-0.024406909942626953,0.3353955390505967,0.2870011329650879,0.0027392517265683388,1.6394178867340088
333,-0.06442614035172896,-0.7983660558284049,0.09341251105318953,-1.3409234961734553,334,0.01155276894569397,-0.0536036491394043,0.33677201358810194,0.25452136993408203,0.0029098447871326516,1.6445915699005127
334,-0.06425265832380815,-0.7912958508863129,0.0944099777284783,-1.3365554718842425,335,0.01535593867301941,-0.020117759704589844,0.3371072737825532,0.28717756271362305,0.006201736139186019,1.648660659790039
335,-0.06255323236638849,-0.7747840135694588,0.09597223848379424,-1.327946476697388,336,0.011403751373291016,-0.05042076110839844,0.3364952728077854,0.2487468719482422,0.012494685315102685,1.6530557870864868
336,-0.06264944510026411,-0.7499811440397829,0.09808327002883203,-1.3149657657171117,337,0.01608032584190369,-0.009984970092773438,0.3351474574425583,0.2896428108215332,0.02151897902592181,1.657103180885315
337,-0.058439514853737565,-0.718484553292256,0.10071969598018833,-1.2974472943053992,338,0.013413774967193605,-0.023105144500732422,0.3333553083796323,0.25638818740844727,0.03289813154832525,1.6617368459701538
338,-0.05729592930186878,-0.6821019233414212,0.10385257007109003,-1.2752093737418264,339,0.01711275577545166,0.011794567108154297,0.3314441659188244,0.28581857681274414,0.04620154343059379,1.6661356687545776
339,-0.055815848437222565,-0.6426290825282486,0.10744926475076788,-1.2480813711231518,340,0.017248064279556274,0.016510486602783203,0.329730198620939,0.28345584869384766,0.06099440047276234,1.669121503829956
340,-0.04956600882790305,-0.6016826302629821,0.11147526003625995,-1.215937075373791,341,0.019694995880126954,0.052733421325683594,0.3284886591209143,0.28978824615478516,0.07687592282912181,1.672154188156128
341,-0.027219230478460137,-0.560602478399296,0.11589568539249048,-1.1787335078946064,342,0.021949726343154907,0.1257777214050293,0.3279363098334719,0.25595664978027344,0.0935025461392208,1.6738697290420532
342,-0.04669906876303932,-0.5204181796106828,0.12067653493440697,-1.136552462693273,343,0.01767140030860901,0.0419926643371582,0.32822659198115545,0.2653360366821289,0.11059717141668808,1.676021933555603
343,-0.04125083576549183,-0.4818616621325717,0.12578553794866487,-1.0896399437451192,344,0.02027982473373413,0.07770299911499023,0.3294538710798375,0.27498960494995117,0.12794808509712569,1.6785554885864258
344,-0.03448304263028231,-0.4454069053951259,0.13119271232595808,-1.038436391601071,345,0.02113746404647827,0.10134458541870117,0.3316627389934501,0.266263484954834,0.14540166946457928,1.6805343627929688
345,-0.03596063093705611,-0.411320491295969,0.13687065459270653,-0.9835891760729206,346,0.024784076213836673,0.12952089309692383,0.3348591110758963,0.30150651931762695,0.16285236017030927,1.6828107833862305
346,-0.03323078155517578,-0.37971223679185945,0.14279462920474656,-0.9259396452530694,347,0.026789164543151858,0.15348434448242188,0.33902097533783704,0.31241416931152344,0.1802322217703322,1.6853469610214233
347,-0.03202488205649636,-0.3505799842672463,0.14894251686279183,-0.866481056974199,348,0.026484960317611696,0.15372276306152344,0.34410766373368207,0.3068852424621582,0.19750148849465182,1.687514305114746
348,-0.030299034985628994,-0.323846185431686,0.15529467234044592,-0.8062906122277461,349,0.02762144207954407,0.16773223876953125,0.35006724302743597,0.3126406669616699,0.2146406563923673,1.68873131275177
349,-0.025226181203668766,-0.29938609834462987,0.16183373091440573,-0.7464463243776827,350,0.027978974580764773,0.18297195434570312,0.35684205858916024,0.3036189079284668,0.23164423564504233,1.690158724784851
